Category,LandType,ImageX,ImageY,Band01,Band02,Band03,Band04,Band05,Band06,Band07,Band08,Band8A,Band09,Band11,Band12
0,Urban,1565,761,12.0,19.0,22.0,23.0,30.0,37.0,40.0,42.0,43.0,40.0,37.0,43.0
0,Urban,1565,766,11.0,15.0,18.0,20.0,27.0,38.0,43.0,48.0,45.0,36.0,29.0,44.0
0,Urban,1565,771,14.0,15.0,20.0,26.0,32.0,38.0,42.0,48.0,44.0,40.0,36.0,45.0
0,Urban,1565,776,13.0,19.0,28.0,34.0,43.0,60.0,65.0,76.0,82.0,80.0,59.0,73.0
0,Urban,1570,761,11.0,11.0,16.0,19.0,26.0,40.0,44.0,43.0,47.0,37.0,29.0,45.0
0,Urban,1570,766,12.0,12.0,17.0,20.0,29.0,37.0,40.0,42.0,42.0,37.0,30.0,42.0
0,Urban,1570,771,12.0,16.0,21.0,25.0,29.0,36.0,39.0,43.0,42.0,40.0,34.0,42.0
0,Urban,1570,776,12.0,18.0,21.0,25.0,27.0,40.0,45.0,53.0,47.0,39.0,31.0,47.0
0,Urban,1575,761,12.0,17.0,21.0,24.0,27.0,36.0,41.0,44.0,47.0,40.0,32.0,45.0
0,Urban,1575,766,12.0,15.0,20.0,24.0,28.0,37.0,41.0,48.0,44.0,42.0,35.0,44.0
0,Urban,1575,771,13.0,17.0,21.0,22.0,28.0,37.0,42.0,45.0,41.0,37.0,32.0,45.0
0,Urban,1575,776,13.0,19.0,23.0,26.0,29.0,36.0,40.0,45.0,44.0,39.0,34.0,41.0
0,Urban,1580,761,12.0,14.0,18.0,20.0,26.0,34.0,37.0,41.0,42.0,38.0,31.0,40.0
0,Urban,1580,766,12.0,16.0,20.0,22.0,27.0,38.0,42.0,47.0,44.0,42.0,34.0,46.0
0,Urban,1580,771,11.0,11.0,15.0,17.0,26.0,36.0,43.0,48.0,44.0,39.0,31.0,46.0
0,Urban,1580,776,11.0,13.0,15.0,17.0,23.0,38.0,43.0,44.0,40.0,37.0,24.0,47.0
0,Urban,1544,639,11.0,20.0,23.0,26.0,29.0,37.0,40.0,41.0,40.0,40.0,34.0,41.0
0,Urban,1544,644,20.0,32.0,39.0,44.0,47.0,46.0,46.0,48.0,46.0,60.0,58.0,46.0
0,Urban,1544,649,12.0,19.0,27.0,32.0,38.0,44.0,48.0,57.0,47.0,54.0,44.0,51.0
0,Urban,1544,654,11.0,14.0,18.0,21.0,25.0,40.0,44.0,46.0,45.0,39.0,33.0,48.0
0,Urban,1549,639,9.0,13.0,17.0,18.0,20.0,33.0,37.0,44.0,40.0,30.0,25.0,39.0
0,Urban,1549,644,12.0,12.0,13.0,15.0,20.0,37.0,39.0,39.0,40.0,29.0,21.0,41.0
0,Urban,1549,649,13.0,12.0,17.0,17.0,28.0,39.0,43.0,53.0,47.0,42.0,34.0,46.0
0,Urban,1549,654,11.0,16.0,21.0,23.0,28.0,42.0,45.0,52.0,44.0,43.0,35.0,50.0
0,Urban,1554,639,9.0,7.0,11.0,12.0,22.0,37.0,42.0,48.0,43.0,34.0,24.0,44.0
0,Urban,1554,644,10.0,12.0,17.0,19.0,23.0,34.0,38.0,44.0,44.0,35.0,29.0,43.0
0,Urban,1554,649,13.0,17.0,22.0,24.0,29.0,34.0,38.0,48.0,47.0,40.0,36.0,41.0
0,Urban,1554,654,10.0,9.0,15.0,17.0,25.0,38.0,43.0,43.0,47.0,36.0,33.0,46.0
0,Urban,1559,639,10.0,14.0,20.0,25.0,28.0,38.0,43.0,45.0,44.0,42.0,33.0,44.0
0,Urban,1559,644,11.0,15.0,19.0,22.0,24.0,36.0,39.0,42.0,44.0,34.0,28.0,43.0
0,Urban,1559,649,12.0,16.0,19.0,22.0,29.0,39.0,44.0,47.0,46.0,39.0,28.0,48.0
0,Urban,1559,654,10.0,17.0,21.0,24.0,24.0,32.0,35.0,40.0,42.0,35.0,29.0,38.0
0,Urban,1737,605,18.0,26.0,30.0,35.0,35.0,35.0,36.0,39.0,51.0,45.0,41.0,35.0
0,Urban,1737,610,24.0,30.0,41.0,50.0,57.0,61.0,62.0,64.0,64.0,87.0,79.0,66.0
0,Urban,1737,615,18.0,30.0,42.0,52.0,49.0,52.0,54.0,59.0,58.0,64.0,62.0,57.0
0,Urban,1737,620,29.0,39.0,47.0,56.0,65.0,65.0,64.0,67.0,61.0,81.0,86.0,66.0
0,Urban,1742,605,14.0,28.0,38.0,47.0,51.0,52.0,51.0,58.0,56.0,80.0,75.0,57.0
0,Urban,1742,610,18.0,23.0,30.0,37.0,44.0,49.0,52.0,59.0,55.0,68.0,62.0,57.0
0,Urban,1742,615,18.0,33.0,41.0,51.0,47.0,52.0,54.0,64.0,53.0,71.0,70.0,59.0
0,Urban,1742,620,23.0,34.0,47.0,54.0,60.0,63.0,66.0,70.0,67.0,82.0,81.0,68.0
0,Urban,1747,605,15.0,26.0,33.0,39.0,43.0,43.0,45.0,43.0,43.0,55.0,54.0,43.0
0,Urban,1747,610,22.0,21.0,28.0,35.0,40.0,42.0,45.0,51.0,51.0,64.0,62.0,48.0
0,Urban,1747,615,13.0,19.0,27.0,34.0,37.0,45.0,45.0,47.0,47.0,57.0,50.0,47.0
0,Urban,1747,620,26.0,35.0,44.0,53.0,50.0,51.0,52.0,55.0,53.0,67.0,70.0,52.0
0,Urban,1752,605,23.0,24.0,32.0,40.0,48.0,51.0,53.0,54.0,61.0,69.0,68.0,55.0
0,Urban,1752,610,28.0,33.0,41.0,51.0,61.0,63.0,64.0,69.0,65.0,80.0,81.0,65.0
0,Urban,1752,615,18.0,35.0,41.0,48.0,48.0,50.0,53.0,61.0,50.0,80.0,84.0,57.0
0,Urban,1752,620,18.0,14.0,19.0,25.0,31.0,37.0,38.0,46.0,48.0,57.0,59.0,41.0
0,Urban,1436,472,10.0,17.0,21.0,22.0,36.0,67.0,74.0,74.0,69.0,83.0,50.0,82.0
0,Urban,1436,477,11.0,10.0,11.0,12.0,18.0,37.0,47.0,47.0,44.0,38.0,29.0,49.0
0,Urban,1436,482,12.0,21.0,26.0,29.0,32.0,40.0,42.0,45.0,48.0,42.0,40.0,43.0
0,Urban,1436,487,12.0,23.0,28.0,31.0,36.0,47.0,52.0,58.0,55.0,45.0,42.0,57.0
0,Urban,1441,472,10.0,14.0,18.0,22.0,31.0,40.0,45.0,52.0,45.0,47.0,34.0,49.0
0,Urban,1441,477,10.0,16.0,18.0,21.0,26.0,39.0,43.0,44.0,46.0,34.0,30.0,46.0
0,Urban,1441,482,12.0,21.0,25.0,28.0,33.0,45.0,49.0,53.0,44.0,44.0,39.0,50.0
0,Urban,1441,487,12.0,18.0,22.0,32.0,34.0,43.0,47.0,58.0,50.0,46.0,40.0,51.0
0,Urban,1446,472,13.0,17.0,22.0,24.0,27.0,37.0,40.0,45.0,44.0,41.0,38.0,44.0
0,Urban,1446,477,12.0,17.0,21.0,25.0,29.0,44.0,51.0,55.0,53.0,42.0,35.0,54.0
0,Urban,1446,482,12.0,22.0,28.0,33.0,34.0,44.0,48.0,56.0,53.0,43.0,38.0,50.0
0,Urban,1446,487,11.0,20.0,26.0,34.0,33.0,40.0,42.0,48.0,45.0,46.0,42.0,43.0
0,Urban,1451,472,13.0,13.0,18.0,20.0,32.0,49.0,52.0,49.0,55.0,57.0,37.0,57.0
0,Urban,1451,477,12.0,21.0,26.0,31.0,35.0,46.0,50.0,52.0,52.0,58.0,47.0,53.0
0,Urban,1451,482,10.0,16.0,24.0,28.0,38.0,58.0,65.0,67.0,58.0,75.0,48.0,64.0
0,Urban,1451,487,10.0,10.0,12.0,13.0,22.0,37.0,42.0,44.0,52.0,43.0,29.0,44.0
0,Urban,1421,254,15.0,21.0,24.0,29.0,29.0,37.0,40.0,43.0,44.0,46.0,39.0,43.0
0,Urban,1421,259,11.0,15.0,19.0,22.0,24.0,32.0,36.0,37.0,40.0,35.0,29.0,38.0
0,Urban,1421,264,10.0,14.0,17.0,20.0,24.0,31.0,34.0,35.0,43.0,38.0,32.0,36.0
0,Urban,1421,269,11.0,12.0,16.0,20.0,28.0,42.0,49.0,48.0,50.0,42.0,31.0,51.0
0,Urban,1426,254,11.0,16.0,20.0,21.0,28.0,38.0,41.0,43.0,50.0,38.0,29.0,45.0
0,Urban,1426,259,9.0,12.0,17.0,20.0,25.0,34.0,37.0,39.0,43.0,36.0,30.0,38.0
0,Urban,1426,264,12.0,24.0,27.0,29.0,36.0,45.0,49.0,49.0,54.0,44.0,38.0,50.0
0,Urban,1426,269,14.0,19.0,24.0,25.0,31.0,49.0,53.0,53.0,52.0,54.0,43.0,56.0
0,Urban,1431,254,10.0,17.0,21.0,24.0,27.0,36.0,40.0,45.0,57.0,38.0,32.0,43.0
0,Urban,1431,259,10.0,15.0,19.0,21.0,31.0,44.0,50.0,57.0,55.0,51.0,38.0,56.0
0,Urban,1431,264,9.0,12.0,16.0,18.0,20.0,33.0,37.0,42.0,41.0,28.0,21.0,39.0
0,Urban,1431,269,10.0,14.0,19.0,23.0,26.0,36.0,39.0,45.0,42.0,41.0,28.0,44.0
0,Urban,1436,254,11.0,14.0,17.0,20.0,25.0,38.0,41.0,38.0,46.0,41.0,32.0,44.0
0,Urban,1436,259,10.0,19.0,24.0,27.0,28.0,44.0,48.0,57.0,50.0,47.0,34.0,51.0
0,Urban,1436,264,11.0,14.0,18.0,20.0,25.0,34.0,38.0,41.0,43.0,38.0,30.0,43.0
0,Urban,1436,269,11.0,13.0,17.0,19.0,28.0,39.0,45.0,50.0,45.0,42.0,33.0,50.0
0,Urban,1459,134,15.0,22.0,29.0,31.0,31.0,42.0,44.0,53.0,47.0,45.0,39.0,45.0
0,Urban,1459,139,14.0,12.0,12.0,14.0,24.0,33.0,33.0,40.0,40.0,43.0,28.0,38.0
0,Urban,1459,144,13.0,16.0,17.0,20.0,22.0,27.0,32.0,26.0,37.0,36.0,30.0,35.0
0,Urban,1459,149,15.0,20.0,25.0,30.0,34.0,39.0,42.0,43.0,41.0,45.0,41.0,42.0
0,Urban,1464,134,16.0,15.0,18.0,19.0,30.0,35.0,37.0,43.0,48.0,38.0,30.0,40.0
0,Urban,1464,139,15.0,12.0,18.0,20.0,32.0,36.0,38.0,35.0,41.0,42.0,40.0,38.0
0,Urban,1464,144,14.0,17.0,21.0,24.0,27.0,33.0,37.0,41.0,39.0,39.0,33.0,41.0
0,Urban,1464,149,14.0,15.0,19.0,21.0,26.0,32.0,36.0,35.0,55.0,38.0,32.0,38.0
0,Urban,1469,134,13.0,13.0,16.0,16.0,21.0,25.0,30.0,29.0,36.0,31.0,26.0,32.0
0,Urban,1469,139,9.0,15.0,20.0,24.0,28.0,38.0,45.0,31.0,66.0,38.0,32.0,48.0
0,Urban,1469,144,14.0,19.0,26.0,32.0,44.0,53.0,57.0,68.0,57.0,66.0,56.0,61.0
0,Urban,1469,149,15.0,16.0,20.0,21.0,23.0,29.0,31.0,32.0,38.0,37.0,33.0,34.0
0,Urban,1474,134,13.0,18.0,22.0,25.0,27.0,39.0,45.0,43.0,46.0,42.0,34.0,47.0
0,Urban,1474,139,13.0,20.0,22.0,25.0,25.0,28.0,35.0,43.0,38.0,39.0,36.0,39.0
0,Urban,1474,144,11.0,17.0,24.0,30.0,47.0,56.0,64.0,69.0,71.0,74.0,56.0,70.0
0,Urban,1474,149,15.0,20.0,21.0,24.0,35.0,40.0,42.0,40.0,41.0,44.0,36.0,42.0
0,Urban,1689,239,23.0,29.0,31.0,35.0,43.0,48.0,50.0,56.0,52.0,51.0,54.0,53.0
0,Urban,1689,244,25.0,32.0,36.0,39.0,42.0,43.0,46.0,51.0,49.0,53.0,49.0,49.0
0,Urban,1689,249,16.0,22.0,29.0,35.0,39.0,49.0,51.0,58.0,54.0,64.0,56.0,54.0
0,Urban,1689,254,9.0,14.0,21.0,27.0,37.0,54.0,61.0,68.0,61.0,77.0,56.0,72.0
0,Urban,1694,239,42.0,24.0,27.0,29.0,35.0,34.0,34.0,30.0,54.0,37.0,36.0,33.0
0,Urban,1694,244,27.0,24.0,31.0,35.0,33.0,32.0,32.0,43.0,52.0,40.0,38.0,32.0
0,Urban,1694,249,25.0,27.0,30.0,34.0,37.0,39.0,40.0,38.0,41.0,47.0,46.0,41.0
0,Urban,1694,254,31.0,46.0,52.0,55.0,54.0,53.0,60.0,65.0,57.0,72.0,71.0,61.0
0,Urban,1699,239,37.0,36.0,41.0,45.0,40.0,40.0,41.0,46.0,46.0,51.0,50.0,41.0
0,Urban,1699,244,36.0,43.0,48.0,52.0,53.0,52.0,51.0,58.0,52.0,64.0,61.0,54.0
0,Urban,1699,249,95.0,112.0,119.0,123.0,131.0,131.0,131.0,125.0,104.0,114.0,56.0,132.0
0,Urban,1699,254,49.0,49.0,55.0,58.0,60.0,59.0,59.0,58.0,64.0,70.0,67.0,58.0
0,Urban,1704,239,50.0,54.0,60.0,64.0,67.0,69.0,70.0,65.0,66.0,78.0,74.0,67.0
0,Urban,1704,244,50.0,55.0,62.0,64.0,67.0,65.0,65.0,63.0,60.0,75.0,75.0,64.0
0,Urban,1704,249,46.0,48.0,53.0,59.0,70.0,69.0,68.0,64.0,65.0,80.0,61.0,67.0
0,Urban,1704,254,30.0,44.0,52.0,54.0,50.0,56.0,59.0,63.0,65.0,66.0,62.0,61.0
0,Urban,1770,364,3.0,7.0,15.0,20.0,30.0,52.0,57.0,74.0,67.0,41.0,31.0,61.0
0,Urban,1770,369,8.0,9.0,16.0,19.0,25.0,39.0,41.0,49.0,44.0,39.0,30.0,46.0
0,Urban,1770,374,8.0,13.0,18.0,23.0,28.0,36.0,40.0,46.0,43.0,40.0,33.0,42.0
0,Urban,1770,379,7.0,16.0,20.0,25.0,28.0,37.0,40.0,37.0,48.0,45.0,41.0,42.0
0,Urban,1775,364,8.0,15.0,25.0,33.0,48.0,65.0,69.0,78.0,59.0,67.0,52.0,74.0
0,Urban,1775,369,9.0,17.0,22.0,27.0,32.0,45.0,47.0,49.0,45.0,50.0,42.0,49.0
0,Urban,1775,374,7.0,11.0,17.0,20.0,22.0,33.0,36.0,40.0,44.0,38.0,30.0,38.0
0,Urban,1775,379,5.0,11.0,16.0,18.0,22.0,32.0,37.0,43.0,43.0,34.0,26.0,40.0
0,Urban,1780,364,19.0,22.0,27.0,33.0,34.0,40.0,43.0,52.0,46.0,55.0,45.0,46.0
0,Urban,1780,369,12.0,19.0,26.0,31.0,37.0,47.0,50.0,63.0,48.0,49.0,38.0,57.0
0,Urban,1780,374,9.0,17.0,24.0,29.0,33.0,41.0,46.0,52.0,57.0,53.0,42.0,52.0
0,Urban,1780,379,7.0,12.0,17.0,21.0,26.0,42.0,44.0,53.0,47.0,42.0,33.0,49.0
0,Urban,1785,364,7.0,15.0,21.0,26.0,28.0,39.0,39.0,40.0,44.0,41.0,35.0,40.0
0,Urban,1785,369,9.0,17.0,23.0,27.0,29.0,35.0,42.0,49.0,46.0,41.0,35.0,44.0
0,Urban,1785,374,8.0,15.0,22.0,34.0,39.0,43.0,49.0,47.0,51.0,57.0,38.0,55.0
0,Urban,1785,379,8.0,16.0,23.0,29.0,35.0,39.0,42.0,47.0,44.0,49.0,45.0,44.0
0,Urban,1752,1166,11.0,21.0,27.0,36.0,36.0,47.0,53.0,56.0,52.0,64.0,51.0,58.0
0,Urban,1752,1171,6.0,12.0,17.0,21.0,29.0,41.0,47.0,45.0,46.0,45.0,34.0,48.0
0,Urban,1752,1176,8.0,17.0,22.0,27.0,37.0,44.0,47.0,49.0,55.0,52.0,48.0,49.0
0,Urban,1752,1181,7.0,18.0,24.0,31.0,36.0,47.0,51.0,53.0,58.0,73.0,59.0,57.0
0,Urban,1757,1166,10.0,17.0,21.0,27.0,33.0,42.0,47.0,45.0,59.0,54.0,45.0,51.0
0,Urban,1757,1171,23.0,22.0,27.0,34.0,42.0,46.0,50.0,62.0,58.0,53.0,39.0,57.0
0,Urban,1757,1176,8.0,10.0,15.0,19.0,23.0,34.0,40.0,42.0,45.0,43.0,30.0,44.0
0,Urban,1757,1181,13.0,14.0,18.0,22.0,28.0,44.0,47.0,56.0,54.0,60.0,44.0,53.0
0,Urban,1762,1166,13.0,14.0,24.0,36.0,48.0,52.0,58.0,65.0,80.0,80.0,53.0,68.0
0,Urban,1762,1171,6.0,11.0,20.0,23.0,36.0,70.0,79.0,89.0,82.0,80.0,54.0,90.0
0,Urban,1762,1176,7.0,6.0,10.0,12.0,23.0,41.0,46.0,52.0,52.0,41.0,29.0,51.0
0,Urban,1762,1181,10.0,20.0,25.0,30.0,35.0,42.0,44.0,53.0,47.0,50.0,46.0,48.0
0,Urban,1767,1166,9.0,15.0,22.0,26.0,33.0,45.0,49.0,55.0,49.0,68.0,50.0,54.0
0,Urban,1767,1171,5.0,12.0,18.0,27.0,34.0,44.0,49.0,59.0,60.0,81.0,53.0,59.0
0,Urban,1767,1176,2.0,7.0,13.0,18.0,31.0,44.0,50.0,61.0,54.0,58.0,37.0,60.0
0,Urban,1767,1181,7.0,6.0,9.0,16.0,21.0,34.0,40.0,47.0,49.0,47.0,30.0,45.0
0,Urban,1010,110,13.0,20.0,26.0,30.0,45.0,53.0,56.0,61.0,64.0,69.0,54.0,65.0
0,Urban,1010,115,17.0,17.0,23.0,27.0,34.0,38.0,37.0,40.0,42.0,49.0,45.0,40.0
0,Urban,1010,120,17.0,21.0,26.0,30.0,33.0,35.0,37.0,41.0,40.0,43.0,34.0,38.0
0,Urban,1010,125,13.0,17.0,20.0,23.0,30.0,40.0,42.0,41.0,41.0,45.0,36.0,43.0
0,Urban,1015,110,13.0,16.0,27.0,30.0,33.0,40.0,48.0,52.0,44.0,43.0,38.0,51.0
0,Urban,1015,115,18.0,28.0,32.0,37.0,35.0,46.0,48.0,53.0,54.0,60.0,47.0,50.0
0,Urban,1015,120,20.0,25.0,30.0,38.0,43.0,46.0,47.0,47.0,39.0,56.0,54.0,49.0
0,Urban,1015,125,18.0,17.0,23.0,28.0,32.0,36.0,36.0,34.0,40.0,42.0,41.0,37.0
0,Urban,1020,110,21.0,20.0,23.0,28.0,32.0,32.0,35.0,33.0,41.0,42.0,41.0,38.0
0,Urban,1020,115,19.0,19.0,24.0,27.0,33.0,42.0,43.0,46.0,42.0,48.0,41.0,44.0
0,Urban,1020,120,22.0,25.0,31.0,34.0,32.0,33.0,36.0,40.0,41.0,44.0,43.0,35.0
0,Urban,1020,125,22.0,28.0,33.0,38.0,38.0,40.0,43.0,45.0,42.0,49.0,40.0,43.0
0,Urban,1025,110,17.0,25.0,32.0,37.0,43.0,46.0,49.0,59.0,51.0,72.0,70.0,54.0
0,Urban,1025,115,24.0,31.0,37.0,44.0,48.0,50.0,53.0,50.0,48.0,64.0,65.0,55.0
0,Urban,1025,120,27.0,33.0,39.0,45.0,48.0,53.0,55.0,59.0,54.0,68.0,73.0,57.0
0,Urban,1025,125,20.0,26.0,31.0,35.0,39.0,43.0,43.0,53.0,45.0,56.0,51.0,47.0
1,Farmland,1059,278,6.0,11.0,15.0,19.0,30.0,47.0,53.0,59.0,63.0,71.0,45.0,60.0
1,Farmland,1059,283,5.0,10.0,14.0,19.0,29.0,45.0,53.0,59.0,63.0,70.0,45.0,60.0
1,Farmland,1059,288,7.0,12.0,18.0,26.0,35.0,46.0,53.0,61.0,67.0,86.0,54.0,63.0
1,Farmland,1059,293,7.0,13.0,18.0,26.0,34.0,47.0,53.0,64.0,63.0,81.0,51.0,63.0
1,Farmland,1064,278,5.0,10.0,15.0,18.0,30.0,48.0,55.0,62.0,65.0,72.0,43.0,62.0
1,Farmland,1064,283,4.0,9.0,14.0,17.0,26.0,45.0,52.0,58.0,60.0,69.0,44.0,59.0
1,Farmland,1064,288,7.0,14.0,20.0,26.0,36.0,50.0,56.0,66.0,68.0,83.0,52.0,66.0
1,Farmland,1064,293,7.0,13.0,19.0,25.0,36.0,51.0,57.0,65.0,68.0,82.0,53.0,66.0
1,Farmland,1069,278,7.0,13.0,19.0,23.0,30.0,47.0,53.0,62.0,61.0,70.0,49.0,60.0
1,Farmland,1069,283,7.0,9.0,15.0,17.0,29.0,46.0,54.0,61.0,59.0,69.0,44.0,61.0
1,Farmland,1069,288,7.0,12.0,17.0,22.0,31.0,42.0,47.0,56.0,57.0,70.0,47.0,57.0
1,Farmland,1069,293,7.0,13.0,19.0,24.0,36.0,50.0,56.0,64.0,64.0,81.0,50.0,64.0
1,Farmland,1074,278,6.0,10.0,15.0,18.0,28.0,49.0,54.0,60.0,68.0,74.0,45.0,59.0
1,Farmland,1074,283,7.0,14.0,19.0,23.0,30.0,44.0,50.0,57.0,62.0,74.0,49.0,57.0
1,Farmland,1074,288,6.0,11.0,16.0,19.0,28.0,44.0,49.0,53.0,58.0,73.0,52.0,55.0
1,Farmland,1074,293,6.0,12.0,19.0,20.0,30.0,46.0,52.0,59.0,59.0,71.0,48.0,60.0
1,Farmland,1437,759,11.0,23.0,35.0,55.0,61.0,67.0,73.0,84.0,91.0,102.0,69.0,86.0
1,Farmland,1437,764,11.0,22.0,33.0,54.0,61.0,67.0,73.0,85.0,91.0,99.0,64.0,87.0
1,Farmland,1437,769,9.0,19.0,29.0,47.0,58.0,63.0,71.0,76.0,83.0,100.0,64.0,83.0
1,Farmland,1437,774,4.0,8.0,11.0,14.0,14.0,16.0,18.0,28.0,34.0,24.0,15.0,21.0
1,Farmland,1442,759,9.0,21.0,31.0,44.0,50.0,71.0,79.0,85.0,92.0,81.0,51.0,92.0
1,Farmland,1442,764,11.0,21.0,34.0,53.0,62.0,68.0,75.0,84.0,91.0,100.0,64.0,89.0
1,Farmland,1442,769,11.0,21.0,32.0,49.0,57.0,64.0,71.0,83.0,90.0,97.0,61.0,83.0
1,Farmland,1442,774,7.0,12.0,19.0,29.0,37.0,46.0,52.0,62.0,56.0,74.0,46.0,64.0
1,Farmland,1447,759,21.0,34.0,46.0,69.0,78.0,86.0,93.0,106.0,109.0,91.0,59.0,105.0
1,Farmland,1447,764,21.0,34.0,46.0,67.0,82.0,91.0,98.0,110.0,110.0,93.0,60.0,110.0
1,Farmland,1447,769,21.0,33.0,45.0,67.0,79.0,88.0,95.0,105.0,108.0,92.0,59.0,107.0
1,Farmland,1447,774,13.0,25.0,36.0,55.0,63.0,70.0,76.0,87.0,92.0,97.0,62.0,88.0
1,Farmland,1452,759,23.0,36.0,48.0,73.0,82.0,89.0,96.0,108.0,113.0,94.0,61.0,108.0
1,Farmland,1452,764,19.0,33.0,44.0,67.0,74.0,83.0,90.0,108.0,103.0,87.0,56.0,101.0
1,Farmland,1452,769,19.0,31.0,42.0,61.0,76.0,85.0,93.0,104.0,107.0,85.0,54.0,105.0
1,Farmland,1452,774,13.0,27.0,40.0,61.0,67.0,74.0,80.0,92.0,93.0,100.0,65.0,92.0
1,Farmland,1368,1339,6.0,12.0,18.0,21.0,32.0,48.0,57.0,68.0,65.0,71.0,45.0,67.0
1,Farmland,1368,1344,6.0,10.0,16.0,20.0,32.0,53.0,61.0,69.0,68.0,72.0,45.0,70.0
1,Farmland,1368,1349,6.0,10.0,16.0,20.0,31.0,52.0,59.0,67.0,67.0,72.0,44.0,68.0
1,Farmland,1368,1354,6.0,10.0,14.0,20.0,29.0,45.0,52.0,58.0,64.0,73.0,45.0,60.0
1,Farmland,1373,1339,6.0,10.0,14.0,22.0,29.0,37.0,43.0,50.0,58.0,72.0,45.0,53.0
1,Farmland,1373,1344,6.0,10.0,16.0,20.0,31.0,51.0,59.0,67.0,69.0,73.0,46.0,68.0
1,Farmland,1373,1349,5.0,10.0,15.0,21.0,30.0,50.0,58.0,66.0,68.0,75.0,46.0,68.0
1,Farmland,1373,1354,6.0,10.0,15.0,22.0,31.0,49.0,57.0,67.0,72.0,75.0,46.0,69.0
1,Farmland,1378,1339,6.0,10.0,16.0,24.0,32.0,45.0,51.0,61.0,62.0,71.0,43.0,64.0
1,Farmland,1378,1344,6.0,10.0,16.0,21.0,31.0,50.0,57.0,63.0,69.0,72.0,46.0,66.0
1,Farmland,1378,1349,6.0,10.0,15.0,20.0,29.0,47.0,56.0,63.0,65.0,70.0,44.0,63.0
1,Farmland,1378,1354,7.0,11.0,16.0,23.0,33.0,53.0,63.0,73.0,70.0,78.0,48.0,73.0
1,Farmland,1383,1339,8.0,12.0,18.0,25.0,36.0,51.0,58.0,65.0,73.0,78.0,47.0,67.0
1,Farmland,1383,1344,8.0,13.0,19.0,26.0,36.0,54.0,61.0,71.0,75.0,80.0,49.0,72.0
1,Farmland,1383,1349,8.0,13.0,19.0,26.0,36.0,52.0,60.0,68.0,74.0,82.0,50.0,71.0
1,Farmland,1383,1354,7.0,12.0,17.0,24.0,33.0,45.0,52.0,60.0,67.0,74.0,45.0,62.0
1,Farmland,1742,1388,8.0,18.0,28.0,40.0,43.0,55.0,61.0,65.0,83.0,93.0,68.0,70.0
1,Farmland,1742,1393,10.0,23.0,35.0,54.0,62.0,69.0,74.0,84.0,89.0,107.0,72.0,85.0
1,Farmland,1742,1398,10.0,24.0,36.0,55.0,63.0,69.0,75.0,84.0,90.0,108.0,75.0,85.0
1,Farmland,1742,1403,10.0,25.0,37.0,56.0,64.0,70.0,76.0,85.0,92.0,110.0,75.0,86.0
1,Farmland,1747,1388,9.0,22.0,34.0,52.0,59.0,68.0,74.0,87.0,84.0,104.0,76.0,84.0
1,Farmland,1747,1393,8.0,23.0,36.0,54.0,60.0,67.0,73.0,85.0,86.0,104.0,71.0,82.0
1,Farmland,1747,1398,9.0,24.0,37.0,57.0,63.0,69.0,76.0,87.0,90.0,107.0,74.0,85.0
1,Farmland,1747,1403,10.0,25.0,37.0,55.0,62.0,70.0,76.0,87.0,90.0,109.0,75.0,86.0
1,Farmland,1752,1388,10.0,18.0,29.0,45.0,55.0,62.0,68.0,76.0,85.0,104.0,72.0,81.0
1,Farmland,1752,1393,8.0,18.0,29.0,48.0,56.0,65.0,71.0,82.0,86.0,104.0,70.0,80.0
1,Farmland,1752,1398,8.0,17.0,29.0,47.0,55.0,63.0,68.0,77.0,77.0,101.0,69.0,79.0
1,Farmland,1752,1403,11.0,25.0,38.0,59.0,66.0,72.0,78.0,91.0,93.0,113.0,79.0,90.0
1,Farmland,1757,1388,11.0,21.0,33.0,50.0,58.0,66.0,70.0,81.0,76.0,95.0,65.0,80.0
1,Farmland,1757,1393,12.0,23.0,32.0,53.0,61.0,68.0,73.0,79.0,86.0,108.0,76.0,83.0
1,Farmland,1757,1398,11.0,23.0,34.0,56.0,63.0,69.0,75.0,87.0,89.0,108.0,74.0,86.0
1,Farmland,1757,1403,10.0,14.0,16.0,22.0,36.0,58.0,67.0,69.0,88.0,86.0,60.0,78.0
1,Farmland,2192,1378,11.0,21.0,29.0,42.0,47.0,50.0,54.0,61.0,59.0,99.0,77.0,62.0
1,Farmland,2192,1383,10.0,17.0,24.0,37.0,42.0,46.0,51.0,56.0,58.0,94.0,68.0,58.0
1,Farmland,2192,1388,9.0,16.0,22.0,34.0,40.0,44.0,52.0,60.0,58.0,90.0,64.0,62.0
1,Farmland,2192,1393,9.0,18.0,26.0,40.0,45.0,49.0,53.0,60.0,57.0,94.0,67.0,60.0
1,Farmland,2197,1378,11.0,19.0,27.0,40.0,44.0,47.0,52.0,58.0,58.0,97.0,75.0,60.0
1,Farmland,2197,1383,9.0,18.0,25.0,37.0,42.0,46.0,50.0,56.0,59.0,93.0,68.0,58.0
1,Farmland,2197,1388,9.0,18.0,25.0,39.0,43.0,46.0,51.0,58.0,55.0,91.0,65.0,59.0
1,Farmland,2197,1393,9.0,17.0,24.0,36.0,40.0,44.0,48.0,55.0,56.0,91.0,66.0,55.0
1,Farmland,2202,1378,12.0,22.0,32.0,46.0,51.0,54.0,59.0,66.0,64.0,99.0,74.0,66.0
1,Farmland,2202,1383,9.0,18.0,25.0,38.0,42.0,46.0,51.0,57.0,58.0,92.0,67.0,58.0
1,Farmland,2202,1388,9.0,17.0,24.0,37.0,41.0,44.0,48.0,54.0,55.0,90.0,66.0,55.0
1,Farmland,2202,1393,9.0,17.0,24.0,36.0,41.0,45.0,48.0,56.0,53.0,92.0,67.0,56.0
1,Farmland,2207,1378,11.0,19.0,25.0,36.0,41.0,43.0,48.0,53.0,57.0,98.0,76.0,56.0
1,Farmland,2207,1383,10.0,19.0,26.0,38.0,42.0,46.0,50.0,56.0,57.0,91.0,65.0,58.0
1,Farmland,2207,1388,9.0,18.0,26.0,37.0,43.0,46.0,50.0,57.0,56.0,90.0,66.0,56.0
1,Farmland,2207,1393,8.0,16.0,23.0,36.0,39.0,42.0,47.0,54.0,55.0,88.0,65.0,54.0
1,Farmland,2352,1042,12.0,22.0,33.0,48.0,57.0,64.0,69.0,77.0,79.0,90.0,64.0,78.0
1,Farmland,2352,1047,15.0,27.0,38.0,58.0,64.0,68.0,73.0,84.0,83.0,98.0,72.0,82.0
1,Farmland,2352,1052,14.0,25.0,36.0,54.0,62.0,68.0,74.0,82.0,84.0,97.0,70.0,85.0
1,Farmland,2352,1057,13.0,24.0,35.0,52.0,61.0,66.0,72.0,79.0,82.0,97.0,70.0,82.0
1,Farmland,2357,1042,10.0,18.0,27.0,38.0,50.0,61.0,67.0,77.0,77.0,84.0,58.0,77.0
1,Farmland,2357,1047,11.0,20.0,30.0,43.0,54.0,61.0,66.0,76.0,78.0,90.0,63.0,75.0
1,Farmland,2357,1052,14.0,24.0,34.0,53.0,61.0,68.0,74.0,88.0,85.0,98.0,68.0,83.0
1,Farmland,2357,1057,13.0,24.0,34.0,51.0,59.0,66.0,72.0,80.0,82.0,96.0,69.0,82.0
1,Farmland,2362,1042,12.0,23.0,34.0,50.0,58.0,67.0,73.0,80.0,83.0,93.0,64.0,83.0
1,Farmland,2362,1047,12.0,22.0,31.0,47.0,58.0,63.0,69.0,77.0,79.0,93.0,66.0,78.0
1,Farmland,2362,1052,13.0,23.0,34.0,50.0,60.0,66.0,73.0,82.0,80.0,94.0,65.0,82.0
1,Farmland,2362,1057,14.0,23.0,34.0,51.0,60.0,66.0,71.0,80.0,81.0,96.0,70.0,81.0
1,Farmland,2367,1042,12.0,23.0,33.0,51.0,59.0,65.0,70.0,79.0,80.0,94.0,67.0,80.0
1,Farmland,2367,1047,13.0,21.0,31.0,49.0,59.0,65.0,72.0,78.0,86.0,92.0,65.0,80.0
1,Farmland,2367,1052,13.0,25.0,37.0,56.0,63.0,68.0,75.0,86.0,83.0,96.0,68.0,85.0
1,Farmland,2367,1057,14.0,26.0,38.0,58.0,65.0,70.0,75.0,86.0,85.0,100.0,69.0,86.0
1,Farmland,2077,865,13.0,25.0,34.0,47.0,47.0,54.0,57.0,74.0,66.0,87.0,71.0,68.0
1,Farmland,2077,870,8.0,14.0,19.0,27.0,30.0,34.0,37.0,45.0,50.0,86.0,77.0,43.0
1,Farmland,2077,875,7.0,15.0,22.0,33.0,37.0,43.0,46.0,52.0,50.0,90.0,76.0,53.0
1,Farmland,2077,880,8.0,18.0,26.0,39.0,43.0,46.0,51.0,57.0,57.0,95.0,77.0,58.0
1,Farmland,2082,865,9.0,22.0,31.0,45.0,49.0,53.0,57.0,66.0,56.0,91.0,74.0,64.0
1,Farmland,2082,870,5.0,12.0,17.0,26.0,30.0,32.0,35.0,39.0,42.0,77.0,68.0,41.0
1,Farmland,2082,875,6.0,14.0,20.0,30.0,33.0,35.0,40.0,46.0,44.0,83.0,71.0,45.0
1,Farmland,2082,880,6.0,14.0,20.0,29.0,31.0,34.0,38.0,44.0,43.0,82.0,71.0,43.0
1,Farmland,2087,865,10.0,21.0,29.0,43.0,49.0,53.0,57.0,63.0,56.0,98.0,74.0,64.0
1,Farmland,2087,870,6.0,15.0,20.0,30.0,35.0,36.0,40.0,45.0,44.0,79.0,68.0,45.0
1,Farmland,2087,875,6.0,13.0,18.0,28.0,31.0,34.0,38.0,43.0,43.0,80.0,69.0,43.0
1,Farmland,2087,880,6.0,13.0,18.0,27.0,30.0,33.0,37.0,41.0,44.0,82.0,69.0,42.0
1,Farmland,2092,865,9.0,19.0,27.0,40.0,41.0,46.0,51.0,64.0,52.0,83.0,70.0,57.0
1,Farmland,2092,870,6.0,13.0,19.0,28.0,31.0,35.0,38.0,43.0,42.0,81.0,70.0,43.0
1,Farmland,2092,875,7.0,15.0,21.0,31.0,35.0,38.0,41.0,47.0,46.0,83.0,71.0,48.0
1,Farmland,2092,880,7.0,15.0,21.0,31.0,35.0,37.0,40.0,44.0,45.0,82.0,70.0,45.0
1,Farmland,2308,679,13.0,24.0,34.0,51.0,62.0,68.0,74.0,85.0,87.0,97.0,70.0,84.0
1,Farmland,2308,684,21.0,35.0,50.0,75.0,78.0,84.0,90.0,108.0,107.0,105.0,72.0,102.0
1,Farmland,2308,689,17.0,28.0,40.0,60.0,68.0,73.0,79.0,88.0,90.0,100.0,69.0,90.0
1,Farmland,2308,694,14.0,23.0,33.0,51.0,62.0,67.0,75.0,79.0,80.0,97.0,69.0,84.0
1,Farmland,2313,679,13.0,23.0,33.0,51.0,61.0,66.0,73.0,80.0,87.0,97.0,69.0,82.0
1,Farmland,2313,684,20.0,39.0,54.0,80.0,87.0,93.0,99.0,112.0,104.0,110.0,74.0,109.0
1,Farmland,2313,689,16.0,27.0,39.0,58.0,63.0,69.0,75.0,88.0,87.0,99.0,70.0,86.0
1,Farmland,2313,694,15.0,23.0,34.0,52.0,59.0,65.0,70.0,79.0,85.0,97.0,68.0,81.0
1,Farmland,2318,679,13.0,26.0,39.0,57.0,66.0,74.0,81.0,94.0,87.0,100.0,69.0,92.0
1,Farmland,2318,684,19.0,32.0,45.0,66.0,75.0,80.0,85.0,94.0,99.0,103.0,71.0,96.0
1,Farmland,2318,689,18.0,29.0,41.0,60.0,66.0,73.0,79.0,89.0,94.0,100.0,69.0,89.0
1,Farmland,2318,694,19.0,29.0,41.0,61.0,70.0,75.0,81.0,89.0,94.0,104.0,73.0,89.0
1,Farmland,2323,679,17.0,33.0,46.0,70.0,76.0,84.0,90.0,104.0,98.0,107.0,74.0,100.0
1,Farmland,2323,684,23.0,38.0,54.0,80.0,86.0,93.0,100.0,112.0,113.0,109.0,74.0,111.0
1,Farmland,2323,689,21.0,40.0,55.0,82.0,88.0,94.0,101.0,114.0,109.0,109.0,73.0,112.0
1,Farmland,2323,694,18.0,34.0,47.0,70.0,80.0,85.0,91.0,102.0,95.0,108.0,74.0,102.0
1,Farmland,2245,193,7.0,19.0,28.0,41.0,45.0,53.0,58.0,68.0,64.0,87.0,63.0,66.0
1,Farmland,2245,198,5.0,14.0,21.0,29.0,40.0,73.0,82.0,91.0,73.0,77.0,50.0,90.0
1,Farmland,2245,203,5.0,18.0,27.0,40.0,48.0,60.0,66.0,78.0,64.0,90.0,62.0,76.0
1,Farmland,2245,208,4.0,10.0,16.0,20.0,28.0,39.0,44.0,50.0,61.0,75.0,49.0,52.0
1,Farmland,2250,193,6.0,16.0,25.0,38.0,43.0,48.0,52.0,60.0,60.0,86.0,64.0,61.0
1,Farmland,2250,198,5.0,13.0,23.0,28.0,43.0,66.0,74.0,82.0,81.0,83.0,51.0,83.0
1,Farmland,2250,203,4.0,13.0,24.0,30.0,44.0,71.0,78.0,89.0,87.0,80.0,50.0,87.0
1,Farmland,2250,208,6.0,15.0,25.0,33.0,45.0,57.0,63.0,72.0,73.0,81.0,54.0,70.0
1,Farmland,2255,193,5.0,14.0,21.0,31.0,39.0,47.0,51.0,60.0,59.0,86.0,63.0,60.0
1,Farmland,2255,198,6.0,15.0,24.0,34.0,43.0,69.0,74.0,85.0,82.0,88.0,57.0,84.0
1,Farmland,2255,203,6.0,16.0,28.0,39.0,50.0,69.0,76.0,87.0,85.0,91.0,60.0,86.0
1,Farmland,2255,208,6.0,16.0,26.0,35.0,47.0,61.0,67.0,74.0,77.0,83.0,56.0,76.0
1,Farmland,2260,193,6.0,13.0,19.0,28.0,33.0,44.0,49.0,58.0,64.0,91.0,61.0,57.0
1,Farmland,2260,198,5.0,15.0,25.0,34.0,49.0,69.0,77.0,87.0,84.0,85.0,57.0,89.0
1,Farmland,2260,203,5.0,17.0,28.0,40.0,50.0,69.0,75.0,85.0,86.0,88.0,58.0,86.0
1,Farmland,2260,208,5.0,15.0,26.0,38.0,49.0,64.0,71.0,81.0,80.0,87.0,55.0,79.0
1,Farmland,1903,212,6.0,16.0,24.0,37.0,42.0,45.0,50.0,58.0,60.0,92.0,68.0,58.0
1,Farmland,1903,217,6.0,17.0,25.0,38.0,39.0,41.0,45.0,56.0,50.0,79.0,68.0,51.0
1,Farmland,1903,222,6.0,13.0,21.0,28.0,41.0,50.0,54.0,66.0,64.0,87.0,59.0,63.0
1,Farmland,1903,227,6.0,17.0,25.0,38.0,43.0,51.0,56.0,63.0,66.0,95.0,68.0,66.0
1,Farmland,1908,212,6.0,17.0,26.0,40.0,44.0,49.0,53.0,62.0,56.0,95.0,71.0,61.0
1,Farmland,1908,217,6.0,15.0,22.0,33.0,41.0,49.0,54.0,59.0,59.0,89.0,64.0,61.0
1,Farmland,1908,222,6.0,14.0,23.0,31.0,40.0,50.0,55.0,62.0,65.0,84.0,60.0,63.0
1,Farmland,1908,227,7.0,18.0,26.0,39.0,46.0,51.0,56.0,66.0,67.0,97.0,71.0,65.0
1,Farmland,1913,212,4.0,10.0,14.0,20.0,36.0,41.0,42.0,38.0,55.0,75.0,65.0,49.0
1,Farmland,1913,217,6.0,11.0,17.0,28.0,34.0,39.0,36.0,46.0,64.0,69.0,42.0,43.0
1,Farmland,1913,222,10.0,18.0,26.0,39.0,45.0,49.0,54.0,59.0,70.0,59.0,36.0,63.0
1,Farmland,1913,227,8.0,16.0,25.0,38.0,42.0,48.0,52.0,60.0,65.0,90.0,65.0,60.0
1,Farmland,1918,212,6.0,13.0,20.0,26.0,37.0,53.0,59.0,67.0,63.0,82.0,53.0,70.0
1,Farmland,1918,217,12.0,27.0,37.0,54.0,60.0,64.0,69.0,81.0,64.0,79.0,57.0,78.0
1,Farmland,1918,222,12.0,25.0,33.0,49.0,56.0,60.0,65.0,74.0,73.0,92.0,65.0,74.0
1,Farmland,1918,227,12.0,21.0,29.0,43.0,51.0,58.0,62.0,72.0,73.0,94.0,65.0,71.0
2,Grassland,1336,566,7.0,12.0,17.0,24.0,33.0,42.0,48.0,52.0,59.0,67.0,42.0,59.0
2,Grassland,1336,571,7.0,11.0,15.0,24.0,30.0,37.0,43.0,51.0,63.0,74.0,45.0,54.0
2,Grassland,1336,576,7.0,12.0,17.0,27.0,34.0,41.0,48.0,57.0,65.0,77.0,45.0,59.0
2,Grassland,1336,581,6.0,11.0,16.0,25.0,33.0,40.0,46.0,54.0,62.0,77.0,46.0,56.0
2,Grassland,1341,566,7.0,11.0,16.0,24.0,31.0,40.0,46.0,53.0,63.0,73.0,45.0,55.0
2,Grassland,1341,571,7.0,12.0,16.0,25.0,32.0,40.0,46.0,54.0,65.0,75.0,46.0,57.0
2,Grassland,1341,576,7.0,12.0,17.0,25.0,33.0,42.0,47.0,55.0,66.0,77.0,46.0,59.0
2,Grassland,1341,581,7.0,12.0,17.0,26.0,33.0,42.0,49.0,58.0,66.0,75.0,44.0,60.0
2,Grassland,1346,566,6.0,11.0,15.0,22.0,30.0,39.0,44.0,53.0,65.0,74.0,45.0,56.0
2,Grassland,1346,571,6.0,11.0,15.0,23.0,31.0,39.0,45.0,52.0,62.0,70.0,42.0,55.0
2,Grassland,1346,576,7.0,13.0,18.0,27.0,36.0,44.0,51.0,61.0,68.0,76.0,45.0,63.0
2,Grassland,1346,581,7.0,13.0,18.0,28.0,33.0,41.0,48.0,60.0,66.0,77.0,46.0,60.0
2,Grassland,1351,566,6.0,11.0,16.0,25.0,32.0,40.0,48.0,58.0,67.0,72.0,44.0,59.0
2,Grassland,1351,571,6.0,11.0,15.0,22.0,30.0,40.0,46.0,56.0,65.0,73.0,43.0,58.0
2,Grassland,1351,576,7.0,11.0,17.0,26.0,33.0,44.0,50.0,62.0,67.0,74.0,45.0,62.0
2,Grassland,1351,581,6.0,11.0,16.0,25.0,32.0,41.0,47.0,56.0,64.0,75.0,45.0,59.0
2,Grassland,1527,276,8.0,12.0,17.0,24.0,32.0,40.0,46.0,54.0,57.0,70.0,43.0,56.0
2,Grassland,1527,281,8.0,14.0,19.0,26.0,33.0,45.0,51.0,59.0,61.0,72.0,47.0,60.0
2,Grassland,1527,286,8.0,12.0,17.0,24.0,32.0,43.0,49.0,54.0,56.0,67.0,42.0,57.0
2,Grassland,1527,291,8.0,12.0,18.0,24.0,32.0,44.0,50.0,58.0,57.0,68.0,41.0,58.0
2,Grassland,1532,276,8.0,13.0,19.0,26.0,35.0,45.0,52.0,60.0,65.0,70.0,42.0,60.0
2,Grassland,1532,281,8.0,13.0,18.0,26.0,35.0,45.0,51.0,59.0,63.0,72.0,45.0,60.0
2,Grassland,1532,286,8.0,13.0,18.0,24.0,34.0,47.0,53.0,59.0,63.0,70.0,42.0,61.0
2,Grassland,1532,291,7.0,12.0,18.0,24.0,33.0,44.0,51.0,58.0,59.0,68.0,40.0,59.0
2,Grassland,1537,276,9.0,14.0,20.0,28.0,37.0,50.0,56.0,64.0,66.0,72.0,44.0,65.0
2,Grassland,1537,281,8.0,14.0,19.0,27.0,37.0,50.0,56.0,64.0,67.0,73.0,44.0,65.0
2,Grassland,1537,286,9.0,14.0,19.0,27.0,35.0,47.0,53.0,61.0,65.0,73.0,44.0,63.0
2,Grassland,1537,291,8.0,13.0,19.0,27.0,35.0,48.0,54.0,61.0,64.0,72.0,43.0,63.0
2,Grassland,1542,276,9.0,14.0,20.0,28.0,35.0,47.0,53.0,61.0,64.0,74.0,45.0,62.0
2,Grassland,1542,281,9.0,14.0,21.0,28.0,38.0,49.0,56.0,64.0,67.0,77.0,47.0,65.0
2,Grassland,1542,286,9.0,14.0,19.0,28.0,36.0,46.0,53.0,60.0,65.0,77.0,48.0,61.0
2,Grassland,1542,291,8.0,13.0,19.0,26.0,36.0,48.0,53.0,61.0,64.0,72.0,43.0,63.0
2,Grassland,706,509,3.0,7.0,10.0,16.0,22.0,28.0,34.0,42.0,43.0,58.0,35.0,44.0
2,Grassland,706,514,3.0,7.0,10.0,16.0,22.0,28.0,33.0,42.0,43.0,54.0,34.0,44.0
2,Grassland,706,519,4.0,7.0,11.0,18.0,22.0,27.0,32.0,39.0,42.0,60.0,37.0,41.0
2,Grassland,706,524,5.0,11.0,16.0,24.0,29.0,35.0,40.0,51.0,50.0,73.0,44.0,49.0
2,Grassland,711,509,4.0,8.0,12.0,19.0,25.0,32.0,37.0,46.0,43.0,61.0,38.0,47.0
2,Grassland,711,514,3.0,8.0,11.0,18.0,22.0,28.0,32.0,40.0,42.0,56.0,35.0,43.0
2,Grassland,711,519,3.0,7.0,11.0,18.0,23.0,29.0,34.0,44.0,43.0,61.0,36.0,45.0
2,Grassland,711,524,4.0,10.0,15.0,24.0,28.0,33.0,38.0,47.0,50.0,77.0,47.0,48.0
2,Grassland,716,509,4.0,9.0,13.0,22.0,26.0,32.0,37.0,45.0,49.0,65.0,40.0,46.0
2,Grassland,716,514,3.0,7.0,10.0,17.0,21.0,25.0,30.0,36.0,39.0,63.0,38.0,38.0
2,Grassland,716,519,3.0,6.0,9.0,15.0,21.0,28.0,31.0,38.0,42.0,59.0,35.0,39.0
2,Grassland,716,524,4.0,9.0,13.0,20.0,26.0,31.0,36.0,43.0,50.0,69.0,42.0,44.0
2,Grassland,721,509,4.0,9.0,14.0,20.0,28.0,37.0,43.0,51.0,58.0,69.0,42.0,51.0
2,Grassland,721,514,4.0,11.0,16.0,25.0,32.0,39.0,44.0,53.0,53.0,76.0,49.0,53.0
2,Grassland,721,519,3.0,9.0,13.0,21.0,26.0,32.0,37.0,45.0,43.0,68.0,40.0,46.0
2,Grassland,721,524,4.0,9.0,13.0,20.0,25.0,32.0,36.0,44.0,51.0,70.0,43.0,45.0
2,Grassland,603,52,10.0,17.0,23.0,30.0,33.0,41.0,46.0,57.0,63.0,74.0,50.0,55.0
2,Grassland,603,57,8.0,13.0,17.0,25.0,32.0,43.0,48.0,56.0,64.0,71.0,49.0,58.0
2,Grassland,603,62,9.0,13.0,17.0,24.0,32.0,38.0,41.0,47.0,58.0,74.0,49.0,48.0
2,Grassland,603,67,10.0,15.0,20.0,27.0,33.0,38.0,44.0,49.0,56.0,77.0,52.0,50.0
2,Grassland,608,52,11.0,16.0,21.0,31.0,34.0,41.0,44.0,52.0,59.0,79.0,52.0,51.0
2,Grassland,608,57,9.0,16.0,23.0,34.0,41.0,48.0,53.0,62.0,67.0,82.0,53.0,63.0
2,Grassland,608,62,10.0,15.0,19.0,27.0,34.0,43.0,47.0,54.0,65.0,79.0,52.0,56.0
2,Grassland,608,67,10.0,15.0,20.0,29.0,35.0,42.0,47.0,53.0,63.0,77.0,50.0,55.0
2,Grassland,613,52,12.0,19.0,24.0,33.0,40.0,46.0,50.0,56.0,63.0,86.0,59.0,57.0
2,Grassland,613,57,12.0,16.0,21.0,30.0,36.0,42.0,46.0,52.0,58.0,82.0,56.0,53.0
2,Grassland,613,62,11.0,16.0,20.0,28.0,35.0,41.0,45.0,49.0,59.0,83.0,55.0,52.0
2,Grassland,613,67,11.0,17.0,21.0,31.0,37.0,44.0,49.0,56.0,60.0,81.0,52.0,57.0
2,Grassland,618,52,11.0,16.0,20.0,27.0,32.0,37.0,40.0,45.0,53.0,77.0,53.0,47.0
2,Grassland,618,57,13.0,18.0,24.0,33.0,40.0,46.0,51.0,56.0,62.0,86.0,59.0,57.0
2,Grassland,618,62,13.0,19.0,24.0,33.0,38.0,42.0,46.0,50.0,59.0,84.0,60.0,52.0
2,Grassland,618,67,12.0,18.0,22.0,31.0,36.0,42.0,48.0,53.0,58.0,79.0,55.0,54.0
2,Grassland,365,182,10.0,15.0,20.0,29.0,37.0,46.0,51.0,58.0,60.0,76.0,50.0,59.0
2,Grassland,365,187,10.0,14.0,19.0,26.0,31.0,36.0,39.0,44.0,54.0,74.0,52.0,46.0
2,Grassland,365,192,10.0,14.0,19.0,27.0,32.0,38.0,43.0,47.0,52.0,80.0,53.0,50.0
2,Grassland,365,197,10.0,15.0,20.0,28.0,33.0,39.0,44.0,50.0,55.0,79.0,55.0,50.0
2,Grassland,370,182,10.0,14.0,18.0,25.0,30.0,37.0,42.0,46.0,56.0,75.0,52.0,47.0
2,Grassland,370,187,9.0,13.0,18.0,24.0,30.0,35.0,40.0,44.0,56.0,76.0,52.0,46.0
2,Grassland,370,192,10.0,15.0,20.0,29.0,35.0,42.0,47.0,56.0,55.0,79.0,55.0,56.0
2,Grassland,370,197,9.0,15.0,20.0,28.0,35.0,42.0,47.0,53.0,61.0,79.0,54.0,55.0
2,Grassland,375,182,9.0,15.0,19.0,27.0,33.0,40.0,44.0,52.0,56.0,76.0,52.0,52.0
2,Grassland,375,187,9.0,15.0,20.0,28.0,34.0,42.0,48.0,54.0,59.0,81.0,54.0,55.0
2,Grassland,375,192,9.0,14.0,19.0,28.0,35.0,41.0,46.0,53.0,60.0,81.0,54.0,54.0
2,Grassland,375,197,10.0,15.0,20.0,28.0,36.0,43.0,48.0,53.0,60.0,83.0,55.0,55.0
2,Grassland,380,182,10.0,14.0,19.0,26.0,32.0,38.0,42.0,47.0,54.0,78.0,53.0,48.0
2,Grassland,380,187,9.0,14.0,19.0,27.0,33.0,39.0,43.0,49.0,54.0,78.0,54.0,50.0
2,Grassland,380,192,10.0,15.0,20.0,28.0,35.0,41.0,46.0,53.0,57.0,79.0,54.0,53.0
2,Grassland,380,197,10.0,15.0,20.0,27.0,32.0,37.0,40.0,48.0,53.0,78.0,55.0,47.0
2,Grassland,201,332,9.0,14.0,17.0,21.0,28.0,43.0,48.0,53.0,56.0,59.0,42.0,54.0
2,Grassland,201,337,9.0,13.0,16.0,20.0,28.0,43.0,48.0,55.0,57.0,59.0,43.0,55.0
2,Grassland,201,342,9.0,13.0,17.0,21.0,28.0,42.0,47.0,53.0,57.0,61.0,44.0,53.0
2,Grassland,201,347,11.0,16.0,20.0,25.0,31.0,41.0,45.0,51.0,56.0,73.0,54.0,51.0
2,Grassland,206,332,7.0,10.0,13.0,17.0,28.0,47.0,52.0,60.0,60.0,52.0,35.0,59.0
2,Grassland,206,337,9.0,12.0,15.0,19.0,28.0,43.0,49.0,55.0,57.0,58.0,42.0,54.0
2,Grassland,206,342,10.0,13.0,17.0,21.0,29.0,41.0,46.0,51.0,56.0,65.0,48.0,52.0
2,Grassland,206,347,11.0,15.0,19.0,24.0,32.0,42.0,46.0,52.0,60.0,71.0,52.0,52.0
2,Grassland,211,332,8.0,12.0,15.0,19.0,29.0,47.0,53.0,59.0,61.0,55.0,38.0,58.0
2,Grassland,211,337,11.0,14.0,17.0,22.0,30.0,44.0,49.0,53.0,59.0,60.0,44.0,56.0
2,Grassland,211,342,13.0,13.0,17.0,22.0,30.0,43.0,47.0,54.0,57.0,69.0,51.0,52.0
2,Grassland,211,347,10.0,15.0,19.0,24.0,31.0,45.0,50.0,57.0,61.0,66.0,48.0,58.0
2,Grassland,216,332,11.0,21.0,27.0,32.0,37.0,49.0,55.0,63.0,62.0,64.0,52.0,61.0
2,Grassland,216,337,10.0,15.0,18.0,22.0,29.0,45.0,50.0,54.0,58.0,63.0,46.0,56.0
2,Grassland,216,342,11.0,16.0,20.0,25.0,31.0,40.0,43.0,48.0,56.0,75.0,56.0,49.0
2,Grassland,216,347,11.0,17.0,21.0,27.0,34.0,43.0,48.0,55.0,60.0,73.0,54.0,56.0
2,Grassland,360,178,10.0,15.0,19.0,25.0,31.0,36.0,40.0,44.0,57.0,76.0,54.0,47.0
2,Grassland,360,183,10.0,15.0,19.0,26.0,31.0,37.0,40.0,48.0,56.0,73.0,50.0,46.0
2,Grassland,360,188,9.0,14.0,18.0,24.0,31.0,36.0,40.0,46.0,51.0,75.0,52.0,48.0
2,Grassland,360,193,10.0,15.0,19.0,26.0,32.0,39.0,43.0,49.0,58.0,77.0,53.0,51.0
2,Grassland,365,178,9.0,14.0,18.0,25.0,30.0,38.0,42.0,45.0,53.0,70.0,49.0,48.0
2,Grassland,365,183,9.0,14.0,18.0,25.0,32.0,41.0,47.0,49.0,57.0,73.0,50.0,53.0
2,Grassland,365,188,9.0,14.0,18.0,25.0,30.0,36.0,40.0,44.0,52.0,76.0,53.0,47.0
2,Grassland,365,193,9.0,14.0,18.0,26.0,30.0,37.0,41.0,47.0,52.0,76.0,53.0,47.0
2,Grassland,370,178,9.0,14.0,19.0,26.0,31.0,39.0,44.0,50.0,55.0,75.0,51.0,51.0
2,Grassland,370,183,9.0,15.0,20.0,27.0,33.0,41.0,45.0,50.0,59.0,75.0,52.0,52.0
2,Grassland,370,188,9.0,13.0,18.0,26.0,32.0,41.0,47.0,54.0,58.0,75.0,51.0,55.0
2,Grassland,370,193,10.0,15.0,20.0,27.0,34.0,43.0,48.0,54.0,60.0,80.0,54.0,56.0
2,Grassland,375,178,9.0,13.0,18.0,25.0,30.0,37.0,41.0,47.0,54.0,72.0,49.0,48.0
2,Grassland,375,183,10.0,14.0,18.0,25.0,30.0,38.0,44.0,47.0,55.0,76.0,52.0,49.0
2,Grassland,375,188,10.0,15.0,19.0,28.0,34.0,40.0,45.0,52.0,59.0,81.0,54.0,53.0
2,Grassland,375,193,9.0,15.0,20.0,29.0,34.0,40.0,45.0,52.0,59.0,81.0,54.0,54.0
2,Grassland,1393,586,6.0,11.0,15.0,24.0,32.0,43.0,49.0,57.0,56.0,65.0,38.0,58.0
2,Grassland,1393,591,6.0,11.0,16.0,25.0,34.0,43.0,49.0,56.0,59.0,62.0,36.0,61.0
2,Grassland,1393,596,6.0,11.0,15.0,23.0,32.0,44.0,50.0,58.0,65.0,72.0,42.0,60.0
2,Grassland,1393,601,7.0,12.0,16.0,25.0,32.0,40.0,45.0,55.0,63.0,76.0,45.0,56.0
2,Grassland,1398,586,6.0,12.0,16.0,26.0,34.0,42.0,49.0,58.0,65.0,71.0,42.0,59.0
2,Grassland,1398,591,5.0,11.0,15.0,24.0,32.0,40.0,47.0,53.0,62.0,61.0,36.0,57.0
2,Grassland,1398,596,6.0,10.0,15.0,23.0,32.0,42.0,48.0,57.0,65.0,65.0,38.0,59.0
2,Grassland,1398,601,6.0,11.0,15.0,23.0,31.0,40.0,46.0,54.0,62.0,73.0,43.0,56.0
2,Grassland,1403,586,6.0,12.0,17.0,26.0,34.0,44.0,50.0,57.0,62.0,58.0,35.0,60.0
2,Grassland,1403,591,6.0,11.0,16.0,25.0,31.0,40.0,46.0,53.0,59.0,63.0,38.0,54.0
2,Grassland,1403,596,6.0,11.0,16.0,25.0,34.0,43.0,49.0,59.0,66.0,72.0,43.0,61.0
2,Grassland,1403,601,6.0,12.0,17.0,26.0,34.0,41.0,47.0,58.0,58.0,65.0,40.0,59.0
2,Grassland,1408,586,6.0,12.0,16.0,27.0,34.0,43.0,48.0,59.0,60.0,62.0,39.0,61.0
2,Grassland,1408,591,6.0,10.0,15.0,24.0,31.0,39.0,45.0,51.0,61.0,62.0,37.0,53.0
2,Grassland,1408,596,6.0,10.0,15.0,23.0,30.0,39.0,44.0,56.0,63.0,59.0,35.0,56.0
2,Grassland,1408,601,5.0,9.0,15.0,21.0,27.0,34.0,39.0,46.0,46.0,49.0,31.0,48.0
2,Grassland,1347,844,6.0,11.0,16.0,23.0,33.0,45.0,53.0,63.0,67.0,73.0,42.0,65.0
2,Grassland,1347,849,6.0,11.0,16.0,24.0,33.0,42.0,48.0,60.0,65.0,75.0,42.0,59.0
2,Grassland,1347,854,6.0,12.0,18.0,29.0,36.0,46.0,52.0,61.0,66.0,87.0,52.0,62.0
2,Grassland,1347,859,7.0,13.0,18.0,26.0,34.0,43.0,50.0,61.0,68.0,84.0,50.0,62.0
2,Grassland,1352,844,5.0,9.0,14.0,21.0,29.0,36.0,42.0,52.0,61.0,54.0,34.0,52.0
2,Grassland,1352,849,5.0,10.0,14.0,22.0,29.0,37.0,43.0,51.0,51.0,58.0,38.0,53.0
2,Grassland,1352,854,5.0,9.0,13.0,20.0,27.0,36.0,41.0,46.0,52.0,49.0,32.0,49.0
2,Grassland,1352,859,6.0,10.0,15.0,24.0,31.0,38.0,45.0,54.0,59.0,74.0,42.0,58.0
2,Grassland,1357,844,5.0,10.0,15.0,24.0,32.0,43.0,49.0,59.0,65.0,70.0,40.0,61.0
2,Grassland,1357,849,7.0,13.0,18.0,26.0,37.0,48.0,55.0,66.0,73.0,88.0,53.0,67.0
2,Grassland,1357,854,7.0,12.0,18.0,27.0,39.0,50.0,58.0,68.0,76.0,81.0,47.0,70.0
2,Grassland,1357,859,7.0,12.0,17.0,26.0,36.0,46.0,54.0,65.0,71.0,79.0,45.0,67.0
2,Grassland,1362,844,6.0,11.0,15.0,23.0,31.0,41.0,46.0,53.0,51.0,55.0,34.0,57.0
2,Grassland,1362,849,4.0,10.0,16.0,23.0,33.0,40.0,46.0,55.0,50.0,54.0,32.0,56.0
2,Grassland,1362,854,5.0,10.0,15.0,23.0,29.0,37.0,43.0,51.0,54.0,56.0,34.0,51.0
2,Grassland,1362,859,5.0,9.0,16.0,23.0,28.0,36.0,40.0,49.0,55.0,50.0,33.0,50.0
2,Grassland,1287,597,8.0,15.0,21.0,29.0,39.0,52.0,60.0,70.0,74.0,87.0,55.0,72.0
2,Grassland,1287,602,8.0,13.0,18.0,25.0,35.0,47.0,55.0,64.0,71.0,85.0,54.0,66.0
2,Grassland,1287,607,9.0,14.0,20.0,28.0,37.0,49.0,56.0,65.0,72.0,83.0,54.0,67.0
2,Grassland,1287,612,8.0,13.0,18.0,26.0,34.0,44.0,49.0,57.0,66.0,81.0,51.0,60.0
2,Grassland,1292,597,8.0,13.0,18.0,26.0,35.0,47.0,54.0,62.0,70.0,83.0,53.0,64.0
2,Grassland,1292,602,8.0,13.0,18.0,27.0,35.0,47.0,54.0,63.0,72.0,88.0,56.0,64.0
2,Grassland,1292,607,7.0,12.0,18.0,26.0,35.0,45.0,51.0,61.0,68.0,79.0,48.0,62.0
2,Grassland,1292,612,8.0,13.0,19.0,28.0,37.0,46.0,53.0,60.0,68.0,80.0,49.0,64.0
2,Grassland,1297,597,8.0,16.0,21.0,28.0,33.0,43.0,50.0,63.0,67.0,78.0,50.0,61.0
2,Grassland,1297,602,8.0,12.0,17.0,25.0,33.0,42.0,49.0,57.0,66.0,82.0,52.0,60.0
2,Grassland,1297,607,7.0,14.0,19.0,28.0,36.0,46.0,52.0,61.0,66.0,80.0,53.0,63.0
2,Grassland,1297,612,7.0,11.0,16.0,25.0,33.0,43.0,50.0,56.0,67.0,69.0,41.0,61.0
2,Grassland,1302,597,10.0,19.0,25.0,31.0,36.0,38.0,40.0,45.0,41.0,66.0,61.0,43.0
2,Grassland,1302,602,8.0,12.0,18.0,26.0,34.0,46.0,54.0,62.0,67.0,83.0,54.0,64.0
2,Grassland,1302,607,8.0,13.0,19.0,26.0,35.0,47.0,54.0,62.0,67.0,79.0,49.0,65.0
2,Grassland,1302,612,8.0,13.0,18.0,27.0,36.0,45.0,52.0,60.0,70.0,78.0,46.0,62.0
3,Forest,744,1440,1.0,10.0,14.0,19.0,19.0,30.0,35.0,46.0,38.0,38.0,25.0,41.0
3,Forest,744,1445,0.0,5.0,6.0,8.0,15.0,28.0,33.0,37.0,35.0,27.0,17.0,38.0
3,Forest,744,1450,0.0,1.0,4.0,3.0,8.0,24.0,29.0,31.0,35.0,13.0,6.0,32.0
3,Forest,744,1455,0.0,1.0,4.0,3.0,9.0,26.0,30.0,33.0,33.0,13.0,6.0,33.0
3,Forest,749,1440,0.0,2.0,5.0,4.0,11.0,24.0,29.0,31.0,34.0,18.0,9.0,32.0
3,Forest,749,1445,1.0,6.0,11.0,12.0,19.0,37.0,42.0,51.0,46.0,29.0,16.0,48.0
3,Forest,749,1450,0.0,1.0,4.0,3.0,8.0,25.0,30.0,34.0,34.0,12.0,6.0,32.0
3,Forest,749,1455,0.0,1.0,4.0,3.0,9.0,27.0,31.0,33.0,35.0,12.0,6.0,34.0
3,Forest,754,1440,0.0,1.0,4.0,2.0,7.0,20.0,24.0,28.0,32.0,13.0,6.0,26.0
3,Forest,754,1445,1.0,2.0,5.0,5.0,11.0,29.0,33.0,35.0,50.0,17.0,9.0,36.0
3,Forest,754,1450,0.0,2.0,5.0,5.0,11.0,30.0,34.0,36.0,38.0,18.0,10.0,37.0
3,Forest,754,1455,0.0,1.0,4.0,3.0,9.0,27.0,31.0,32.0,36.0,12.0,5.0,34.0
3,Forest,759,1440,0.0,1.0,4.0,3.0,8.0,22.0,26.0,28.0,34.0,13.0,7.0,29.0
3,Forest,759,1445,2.0,5.0,9.0,10.0,20.0,38.0,46.0,53.0,54.0,36.0,20.0,53.0
3,Forest,759,1450,0.0,2.0,5.0,4.0,11.0,28.0,34.0,36.0,36.0,17.0,8.0,36.0
3,Forest,759,1455,0.0,2.0,5.0,4.0,10.0,27.0,32.0,34.0,33.0,14.0,7.0,35.0
3,Forest,755,1299,0.0,1.0,4.0,3.0,9.0,28.0,34.0,36.0,35.0,14.0,6.0,37.0
3,Forest,755,1304,0.0,1.0,5.0,4.0,9.0,26.0,30.0,34.0,35.0,14.0,7.0,34.0
3,Forest,755,1309,0.0,2.0,5.0,4.0,11.0,27.0,31.0,34.0,35.0,18.0,9.0,34.0
3,Forest,755,1314,0.0,2.0,5.0,4.0,10.0,27.0,31.0,34.0,33.0,16.0,8.0,34.0
3,Forest,760,1299,0.0,2.0,5.0,5.0,11.0,27.0,32.0,37.0,35.0,18.0,9.0,35.0
3,Forest,760,1304,0.0,2.0,4.0,4.0,9.0,27.0,31.0,33.0,33.0,15.0,8.0,35.0
3,Forest,760,1309,0.0,2.0,4.0,4.0,10.0,27.0,33.0,35.0,33.0,15.0,7.0,35.0
3,Forest,760,1314,1.0,3.0,6.0,6.0,12.0,25.0,29.0,32.0,34.0,24.0,14.0,32.0
3,Forest,765,1299,0.0,2.0,5.0,5.0,11.0,25.0,30.0,34.0,33.0,17.0,9.0,33.0
3,Forest,765,1304,0.0,2.0,4.0,3.0,10.0,27.0,32.0,33.0,35.0,14.0,6.0,35.0
3,Forest,765,1309,0.0,2.0,5.0,4.0,11.0,29.0,35.0,38.0,37.0,18.0,9.0,39.0
3,Forest,765,1314,0.0,2.0,4.0,3.0,9.0,24.0,30.0,33.0,33.0,13.0,6.0,32.0
3,Forest,770,1299,0.0,2.0,5.0,5.0,11.0,25.0,29.0,33.0,32.0,19.0,10.0,32.0
3,Forest,770,1304,0.0,3.0,5.0,5.0,12.0,26.0,30.0,34.0,35.0,21.0,11.0,34.0
3,Forest,770,1309,0.0,2.0,5.0,4.0,11.0,27.0,32.0,35.0,34.0,18.0,9.0,35.0
3,Forest,770,1314,0.0,2.0,5.0,4.0,10.0,26.0,31.0,34.0,34.0,16.0,7.0,34.0
3,Forest,756,1247,0.0,2.0,5.0,5.0,11.0,25.0,30.0,32.0,34.0,20.0,10.0,32.0
3,Forest,756,1252,0.0,3.0,6.0,7.0,14.0,26.0,30.0,33.0,35.0,24.0,13.0,33.0
3,Forest,756,1257,0.0,2.0,5.0,5.0,9.0,21.0,26.0,30.0,31.0,19.0,11.0,30.0
3,Forest,756,1262,0.0,1.0,5.0,3.0,10.0,24.0,28.0,32.0,33.0,16.0,8.0,30.0
3,Forest,761,1247,0.0,3.0,6.0,6.0,11.0,27.0,32.0,35.0,31.0,18.0,10.0,34.0
3,Forest,761,1252,0.0,3.0,5.0,7.0,9.0,20.0,22.0,28.0,29.0,20.0,11.0,26.0
3,Forest,761,1257,0.0,1.0,4.0,3.0,8.0,21.0,26.0,28.0,28.0,14.0,8.0,27.0
3,Forest,761,1262,0.0,2.0,5.0,3.0,10.0,28.0,32.0,36.0,35.0,15.0,8.0,36.0
3,Forest,766,1247,0.0,3.0,6.0,6.0,12.0,25.0,29.0,33.0,32.0,18.0,9.0,32.0
3,Forest,766,1252,0.0,1.0,4.0,3.0,9.0,24.0,28.0,33.0,30.0,11.0,5.0,31.0
3,Forest,766,1257,0.0,2.0,4.0,3.0,8.0,25.0,32.0,35.0,30.0,11.0,6.0,34.0
3,Forest,766,1262,0.0,2.0,4.0,3.0,10.0,27.0,33.0,36.0,35.0,14.0,7.0,36.0
3,Forest,771,1247,0.0,2.0,5.0,4.0,10.0,28.0,33.0,38.0,35.0,17.0,8.0,36.0
3,Forest,771,1252,0.0,2.0,4.0,3.0,10.0,30.0,34.0,36.0,34.0,14.0,6.0,37.0
3,Forest,771,1257,0.0,1.0,5.0,3.0,9.0,29.0,34.0,38.0,35.0,13.0,6.0,37.0
3,Forest,771,1262,0.0,1.0,4.0,2.0,8.0,24.0,30.0,33.0,32.0,12.0,5.0,32.0
3,Forest,736,1111,0.0,1.0,4.0,3.0,8.0,23.0,27.0,32.0,29.0,12.0,6.0,29.0
3,Forest,736,1116,0.0,2.0,4.0,3.0,9.0,24.0,30.0,33.0,33.0,13.0,6.0,32.0
3,Forest,736,1121,0.0,2.0,5.0,4.0,9.0,28.0,34.0,40.0,34.0,14.0,7.0,36.0
3,Forest,736,1126,0.0,2.0,6.0,5.0,13.0,35.0,40.0,44.0,41.0,18.0,9.0,44.0
3,Forest,741,1111,0.0,2.0,5.0,3.0,11.0,27.0,32.0,37.0,34.0,15.0,7.0,35.0
3,Forest,741,1116,0.0,2.0,4.0,3.0,8.0,24.0,29.0,33.0,33.0,13.0,6.0,31.0
3,Forest,741,1121,0.0,2.0,5.0,5.0,11.0,26.0,30.0,33.0,33.0,19.0,10.0,34.0
3,Forest,741,1126,0.0,3.0,6.0,5.0,11.0,29.0,34.0,40.0,34.0,19.0,10.0,38.0
3,Forest,746,1111,0.0,2.0,5.0,4.0,9.0,25.0,31.0,36.0,35.0,15.0,8.0,33.0
3,Forest,746,1116,0.0,2.0,4.0,3.0,10.0,27.0,33.0,35.0,32.0,15.0,7.0,35.0
3,Forest,746,1121,0.0,1.0,4.0,3.0,8.0,24.0,29.0,36.0,32.0,12.0,6.0,32.0
3,Forest,746,1126,0.0,2.0,5.0,4.0,10.0,25.0,29.0,31.0,35.0,17.0,9.0,32.0
3,Forest,751,1111,0.0,2.0,4.0,3.0,9.0,24.0,29.0,31.0,31.0,14.0,7.0,33.0
3,Forest,751,1116,0.0,1.0,3.0,2.0,7.0,22.0,28.0,31.0,32.0,9.0,4.0,30.0
3,Forest,751,1121,0.0,2.0,4.0,3.0,9.0,27.0,32.0,35.0,35.0,13.0,6.0,35.0
3,Forest,751,1126,0.0,2.0,4.0,3.0,7.0,22.0,28.0,31.0,33.0,12.0,6.0,30.0
3,Forest,556,1172,0.0,2.0,4.0,4.0,9.0,23.0,27.0,29.0,28.0,17.0,10.0,29.0
3,Forest,556,1177,2.0,3.0,6.0,6.0,15.0,29.0,35.0,38.0,46.0,21.0,11.0,39.0
3,Forest,556,1182,0.0,1.0,4.0,3.0,8.0,21.0,25.0,28.0,25.0,12.0,7.0,27.0
3,Forest,556,1187,0.0,2.0,4.0,3.0,9.0,23.0,27.0,30.0,28.0,16.0,9.0,29.0
3,Forest,561,1172,0.0,2.0,5.0,4.0,9.0,23.0,27.0,30.0,28.0,16.0,10.0,29.0
3,Forest,561,1177,0.0,2.0,4.0,4.0,9.0,22.0,25.0,27.0,26.0,17.0,11.0,27.0
3,Forest,561,1182,0.0,2.0,4.0,4.0,9.0,24.0,27.0,28.0,28.0,16.0,9.0,30.0
3,Forest,561,1187,0.0,2.0,4.0,4.0,9.0,23.0,27.0,30.0,28.0,16.0,9.0,30.0
3,Forest,566,1172,0.0,2.0,4.0,3.0,8.0,24.0,27.0,28.0,29.0,12.0,6.0,30.0
3,Forest,566,1177,1.0,3.0,6.0,5.0,12.0,26.0,30.0,31.0,33.0,22.0,12.0,34.0
3,Forest,566,1182,1.0,2.0,5.0,5.0,12.0,27.0,31.0,33.0,35.0,20.0,12.0,35.0
3,Forest,566,1187,0.0,2.0,4.0,3.0,8.0,21.0,25.0,27.0,28.0,15.0,8.0,27.0
3,Forest,571,1172,7.0,13.0,17.0,21.0,27.0,38.0,42.0,47.0,46.0,53.0,38.0,48.0
3,Forest,571,1177,1.0,6.0,9.0,11.0,15.0,28.0,32.0,37.0,34.0,24.0,16.0,35.0
3,Forest,571,1182,4.0,8.0,12.0,17.0,24.0,35.0,39.0,45.0,42.0,50.0,31.0,45.0
3,Forest,571,1187,0.0,2.0,5.0,4.0,9.0,23.0,26.0,29.0,28.0,16.0,9.0,28.0
3,Forest,408,779,0.0,2.0,5.0,3.0,9.0,27.0,32.0,34.0,40.0,10.0,5.0,36.0
3,Forest,408,784,0.0,4.0,6.0,4.0,11.0,36.0,44.0,46.0,45.0,14.0,7.0,46.0
3,Forest,408,789,0.0,3.0,3.0,2.0,7.0,21.0,27.0,30.0,42.0,8.0,4.0,28.0
3,Forest,408,794,0.0,4.0,7.0,5.0,14.0,41.0,52.0,55.0,52.0,15.0,8.0,56.0
3,Forest,413,779,1.0,3.0,7.0,5.0,13.0,33.0,38.0,41.0,40.0,18.0,10.0,41.0
3,Forest,413,784,1.0,3.0,7.0,6.0,13.0,30.0,35.0,39.0,37.0,20.0,11.0,38.0
3,Forest,413,789,1.0,3.0,6.0,4.0,12.0,32.0,37.0,40.0,38.0,17.0,9.0,39.0
3,Forest,413,794,2.0,8.0,12.0,12.0,24.0,44.0,51.0,61.0,47.0,33.0,20.0,58.0
3,Forest,418,779,1.0,3.0,7.0,6.0,13.0,33.0,37.0,41.0,40.0,20.0,11.0,41.0
3,Forest,418,784,1.0,3.0,7.0,5.0,13.0,31.0,35.0,38.0,37.0,19.0,11.0,38.0
3,Forest,418,789,1.0,3.0,6.0,5.0,11.0,30.0,35.0,38.0,38.0,16.0,8.0,37.0
3,Forest,418,794,1.0,2.0,6.0,4.0,11.0,30.0,34.0,37.0,37.0,16.0,8.0,37.0
3,Forest,423,779,1.0,3.0,5.0,4.0,11.0,27.0,32.0,34.0,36.0,17.0,9.0,34.0
3,Forest,423,784,1.0,3.0,7.0,5.0,13.0,34.0,39.0,42.0,41.0,18.0,10.0,41.0
3,Forest,423,789,1.0,3.0,6.0,5.0,12.0,29.0,33.0,36.0,37.0,19.0,10.0,36.0
3,Forest,423,794,1.0,3.0,6.0,5.0,12.0,30.0,35.0,38.0,38.0,17.0,9.0,38.0
3,Forest,396,520,0.0,2.0,4.0,3.0,8.0,23.0,27.0,31.0,29.0,10.0,5.0,29.0
3,Forest,396,525,2.0,3.0,6.0,7.0,12.0,28.0,32.0,36.0,36.0,23.0,13.0,36.0
3,Forest,396,530,2.0,3.0,6.0,6.0,13.0,28.0,32.0,37.0,37.0,23.0,12.0,37.0
3,Forest,396,535,0.0,2.0,3.0,3.0,8.0,21.0,26.0,27.0,33.0,12.0,6.0,28.0
3,Forest,401,520,0.0,2.0,5.0,4.0,10.0,28.0,31.0,33.0,39.0,14.0,6.0,33.0
3,Forest,401,525,0.0,3.0,6.0,5.0,12.0,28.0,33.0,37.0,36.0,18.0,10.0,37.0
3,Forest,401,530,0.0,2.0,3.0,2.0,7.0,19.0,24.0,24.0,29.0,12.0,6.0,25.0
3,Forest,401,535,2.0,4.0,8.0,8.0,14.0,32.0,36.0,41.0,39.0,24.0,14.0,40.0
3,Forest,406,520,1.0,4.0,7.0,6.0,14.0,34.0,39.0,43.0,44.0,20.0,11.0,43.0
3,Forest,406,525,0.0,2.0,5.0,4.0,9.0,26.0,33.0,34.0,41.0,13.0,7.0,34.0
3,Forest,406,530,0.0,2.0,5.0,4.0,10.0,26.0,32.0,32.0,34.0,14.0,7.0,34.0
3,Forest,406,535,0.0,3.0,6.0,4.0,11.0,28.0,32.0,35.0,33.0,16.0,9.0,35.0
3,Forest,411,520,0.0,3.0,6.0,4.0,12.0,32.0,37.0,40.0,40.0,15.0,7.0,40.0
3,Forest,411,525,0.0,3.0,5.0,4.0,10.0,28.0,34.0,36.0,38.0,14.0,7.0,37.0
3,Forest,411,530,0.0,2.0,5.0,4.0,10.0,26.0,31.0,33.0,34.0,14.0,7.0,34.0
3,Forest,411,535,0.0,2.0,4.0,3.0,9.0,23.0,26.0,28.0,32.0,14.0,8.0,29.0
3,Forest,350,438,0.0,2.0,3.0,2.0,7.0,22.0,27.0,31.0,38.0,10.0,4.0,29.0
3,Forest,350,443,0.0,4.0,6.0,5.0,9.0,28.0,34.0,45.0,40.0,15.0,7.0,37.0
3,Forest,350,448,0.0,1.0,2.0,2.0,6.0,25.0,29.0,22.0,34.0,12.0,7.0,31.0
3,Forest,350,453,0.0,2.0,3.0,2.0,5.0,14.0,19.0,21.0,31.0,10.0,6.0,20.0
3,Forest,355,438,0.0,3.0,5.0,3.0,8.0,24.0,29.0,34.0,37.0,10.0,6.0,30.0
3,Forest,355,443,0.0,3.0,6.0,5.0,12.0,34.0,40.0,44.0,41.0,17.0,9.0,47.0
3,Forest,355,448,0.0,3.0,6.0,4.0,13.0,36.0,42.0,45.0,44.0,16.0,8.0,48.0
3,Forest,355,453,0.0,3.0,6.0,5.0,11.0,36.0,42.0,46.0,41.0,16.0,9.0,45.0
3,Forest,360,438,1.0,2.0,4.0,3.0,7.0,18.0,23.0,22.0,34.0,11.0,6.0,25.0
3,Forest,360,443,0.0,2.0,5.0,3.0,8.0,23.0,28.0,30.0,41.0,13.0,6.0,30.0
3,Forest,360,448,0.0,3.0,5.0,4.0,9.0,24.0,29.0,34.0,34.0,16.0,8.0,33.0
3,Forest,360,453,1.0,2.0,4.0,3.0,10.0,25.0,30.0,29.0,34.0,16.0,8.0,34.0
3,Forest,365,438,1.0,3.0,6.0,5.0,11.0,28.0,32.0,36.0,37.0,18.0,10.0,35.0
3,Forest,365,443,1.0,3.0,6.0,6.0,11.0,28.0,34.0,33.0,31.0,18.0,10.0,37.0
3,Forest,365,448,1.0,2.0,5.0,4.0,10.0,26.0,31.0,33.0,32.0,16.0,7.0,35.0
3,Forest,365,453,1.0,2.0,4.0,3.0,8.0,22.0,27.0,28.0,35.0,13.0,6.0,29.0
3,Forest,595,734,1.0,3.0,6.0,4.0,12.0,31.0,36.0,37.0,39.0,17.0,9.0,40.0
3,Forest,595,739,0.0,2.0,4.0,3.0,8.0,26.0,33.0,34.0,35.0,11.0,5.0,35.0
3,Forest,595,744,0.0,2.0,5.0,3.0,11.0,30.0,36.0,39.0,36.0,15.0,6.0,39.0
3,Forest,595,749,0.0,2.0,5.0,4.0,10.0,28.0,33.0,37.0,38.0,16.0,8.0,36.0
3,Forest,600,734,1.0,2.0,4.0,4.0,9.0,21.0,26.0,28.0,30.0,16.0,9.0,29.0
3,Forest,600,739,1.0,4.0,7.0,7.0,13.0,28.0,33.0,36.0,35.0,21.0,11.0,36.0
3,Forest,600,744,1.0,4.0,7.0,8.0,13.0,29.0,32.0,37.0,37.0,23.0,13.0,37.0
3,Forest,600,749,0.0,2.0,5.0,4.0,10.0,26.0,30.0,34.0,34.0,15.0,8.0,33.0
3,Forest,605,734,1.0,3.0,6.0,4.0,11.0,30.0,35.0,38.0,37.0,15.0,8.0,38.0
3,Forest,605,739,0.0,2.0,5.0,4.0,10.0,27.0,30.0,33.0,34.0,16.0,8.0,33.0
3,Forest,605,744,0.0,2.0,4.0,3.0,8.0,20.0,25.0,25.0,27.0,13.0,7.0,27.0
3,Forest,605,749,0.0,3.0,6.0,7.0,13.0,26.0,30.0,34.0,29.0,22.0,12.0,33.0
3,Forest,610,734,1.0,3.0,6.0,5.0,11.0,29.0,34.0,38.0,37.0,16.0,8.0,37.0
3,Forest,610,739,0.0,3.0,6.0,5.0,12.0,31.0,37.0,41.0,36.0,16.0,8.0,40.0
3,Forest,610,744,0.0,3.0,5.0,4.0,8.0,23.0,28.0,30.0,36.0,15.0,8.0,30.0
3,Forest,610,749,0.0,2.0,4.0,2.0,7.0,24.0,29.0,31.0,32.0,11.0,5.0,32.0
3,Forest,206,70,0.0,3.0,5.0,4.0,9.0,25.0,29.0,32.0,33.0,16.0,8.0,32.0
3,Forest,206,75,0.0,3.0,5.0,3.0,9.0,25.0,28.0,31.0,31.0,14.0,7.0,31.0
3,Forest,206,80,5.0,9.0,12.0,19.0,24.0,31.0,36.0,44.0,47.0,58.0,35.0,45.0
3,Forest,206,85,5.0,11.0,15.0,22.0,27.0,33.0,38.0,46.0,46.0,63.0,39.0,47.0
3,Forest,211,70,0.0,3.0,5.0,4.0,9.0,26.0,30.0,32.0,32.0,14.0,7.0,32.0
3,Forest,211,75,0.0,2.0,5.0,4.0,9.0,25.0,29.0,32.0,32.0,15.0,8.0,32.0
3,Forest,211,80,1.0,3.0,6.0,4.0,11.0,26.0,31.0,34.0,33.0,17.0,9.0,34.0
3,Forest,211,85,3.0,6.0,9.0,11.0,16.0,24.0,27.0,37.0,40.0,32.0,18.0,35.0
3,Forest,216,70,0.0,3.0,5.0,4.0,10.0,26.0,29.0,32.0,31.0,15.0,8.0,32.0
3,Forest,216,75,0.0,3.0,6.0,4.0,9.0,25.0,30.0,33.0,33.0,15.0,8.0,32.0
3,Forest,216,80,0.0,3.0,5.0,4.0,9.0,23.0,28.0,32.0,32.0,16.0,8.0,31.0
3,Forest,216,85,0.0,2.0,5.0,3.0,8.0,22.0,26.0,30.0,29.0,11.0,6.0,29.0
3,Forest,221,70,0.0,2.0,4.0,3.0,8.0,24.0,29.0,31.0,31.0,13.0,6.0,32.0
3,Forest,221,75,0.0,3.0,5.0,3.0,9.0,23.0,27.0,29.0,30.0,14.0,7.0,30.0
3,Forest,221,80,0.0,3.0,5.0,3.0,7.0,22.0,27.0,30.0,31.0,13.0,7.0,29.0
3,Forest,221,85,0.0,3.0,5.0,3.0,9.0,27.0,31.0,34.0,31.0,15.0,8.0,34.0
4,Water,636,63,4.0,8.0,8.0,1.0,1.0,0.0,1.0,0.0,0.0,1.0,1.0,0.0
4,Water,636,68,4.0,8.0,8.0,1.0,1.0,0.0,1.0,0.0,0.0,1.0,1.0,0.0
4,Water,636,73,4.0,8.0,8.0,1.0,1.0,0.0,0.0,0.0,0.0,1.0,1.0,0.0
4,Water,636,78,5.0,8.0,8.0,1.0,1.0,0.0,0.0,0.0,0.0,0.0,1.0,0.0
4,Water,641,63,4.0,8.0,8.0,1.0,1.0,0.0,0.0,0.0,0.0,0.0,1.0,0.0
4,Water,641,68,4.0,8.0,8.0,1.0,1.0,0.0,0.0,0.0,0.0,0.0,1.0,0.0
4,Water,641,73,4.0,8.0,8.0,1.0,1.0,0.0,0.0,0.0,0.0,0.0,1.0,0.0
4,Water,641,78,4.0,8.0,8.0,1.0,1.0,0.0,0.0,0.0,0.0,0.0,0.0,0.0
4,Water,646,63,5.0,8.0,8.0,2.0,1.0,0.0,0.0,0.0,0.0,0.0,0.0,0.0
4,Water,646,68,5.0,8.0,8.0,1.0,1.0,0.0,0.0,0.0,0.0,0.0,1.0,0.0
4,Water,646,73,4.0,8.0,8.0,1.0,1.0,0.0,0.0,0.0,0.0,0.0,1.0,0.0
4,Water,646,78,4.0,8.0,8.0,1.0,1.0,0.0,0.0,0.0,0.0,1.0,1.0,0.0
4,Water,651,63,5.0,8.0,8.0,1.0,1.0,0.0,0.0,0.0,0.0,0.0,0.0,0.0
4,Water,651,68,4.0,8.0,8.0,1.0,1.0,0.0,0.0,0.0,0.0,0.0,0.0,0.0
4,Water,651,73,4.0,8.0,7.0,1.0,1.0,0.0,0.0,0.0,0.0,1.0,0.0,0.0
4,Water,651,78,4.0,7.0,7.0,1.0,1.0,0.0,0.0,0.0,0.0,1.0,1.0,0.0
4,Water,591,85,4.0,8.0,8.0,1.0,1.0,0.0,0.0,0.0,0.0,1.0,1.0,0.0
4,Water,591,90,4.0,8.0,7.0,1.0,1.0,0.0,0.0,0.0,0.0,1.0,1.0,0.0
4,Water,591,95,4.0,8.0,7.0,1.0,1.0,0.0,0.0,0.0,0.0,1.0,1.0,0.0
4,Water,591,100,4.0,7.0,7.0,1.0,1.0,0.0,0.0,0.0,0.0,1.0,1.0,0.0
4,Water,596,85,4.0,8.0,7.0,1.0,1.0,0.0,0.0,0.0,0.0,0.0,0.0,0.0
4,Water,596,90,4.0,8.0,7.0,1.0,1.0,0.0,0.0,0.0,0.0,0.0,0.0,0.0
4,Water,596,95,4.0,8.0,7.0,1.0,0.0,0.0,0.0,0.0,0.0,0.0,0.0,0.0
4,Water,596,100,4.0,7.0,7.0,1.0,1.0,0.0,0.0,0.0,0.0,0.0,1.0,0.0
4,Water,601,85,4.0,8.0,7.0,1.0,1.0,0.0,0.0,0.0,0.0,0.0,1.0,0.0
4,Water,601,90,4.0,7.0,7.0,1.0,1.0,0.0,0.0,0.0,0.0,0.0,1.0,0.0
4,Water,601,95,4.0,7.0,7.0,1.0,1.0,0.0,0.0,0.0,0.0,1.0,1.0,0.0
4,Water,601,100,4.0,7.0,7.0,1.0,1.0,0.0,0.0,0.0,0.0,1.0,0.0,0.0
4,Water,606,85,4.0,7.0,7.0,1.0,1.0,0.0,0.0,0.0,0.0,0.0,1.0,0.0
4,Water,606,90,4.0,7.0,7.0,1.0,1.0,0.0,0.0,0.0,0.0,1.0,1.0,0.0
4,Water,606,95,4.0,7.0,7.0,1.0,1.0,0.0,1.0,0.0,0.0,1.0,1.0,0.0
4,Water,606,100,4.0,8.0,7.0,1.0,1.0,0.0,0.0,0.0,3.0,1.0,1.0,0.0
4,Water,1512,586,1.0,4.0,7.0,1.0,1.0,0.0,0.0,0.0,0.0,1.0,1.0,0.0
4,Water,1512,591,1.0,4.0,8.0,2.0,1.0,0.0,0.0,0.0,0.0,1.0,1.0,0.0
4,Water,1512,596,1.0,4.0,7.0,1.0,1.0,0.0,1.0,0.0,0.0,1.0,1.0,0.0
4,Water,1512,601,2.0,4.0,5.0,2.0,1.0,1.0,1.0,1.0,6.0,2.0,1.0,1.0
4,Water,1517,586,1.0,4.0,7.0,1.0,1.0,0.0,0.0,0.0,0.0,1.0,1.0,0.0
4,Water,1517,591,1.0,4.0,7.0,2.0,1.0,0.0,0.0,0.0,0.0,1.0,1.0,0.0
4,Water,1517,596,1.0,4.0,6.0,1.0,1.0,0.0,0.0,0.0,0.0,1.0,1.0,0.0
4,Water,1517,601,1.0,4.0,5.0,1.0,1.0,0.0,1.0,0.0,0.0,1.0,1.0,0.0
4,Water,1522,586,1.0,4.0,6.0,2.0,1.0,0.0,1.0,1.0,1.0,2.0,1.0,0.0
4,Water,1522,591,1.0,4.0,7.0,1.0,1.0,0.0,1.0,0.0,0.0,1.0,1.0,0.0
4,Water,1522,596,1.0,4.0,6.0,1.0,1.0,0.0,0.0,0.0,0.0,1.0,1.0,0.0
4,Water,1522,601,1.0,4.0,5.0,1.0,1.0,0.0,0.0,0.0,0.0,1.0,1.0,0.0
4,Water,1527,586,8.0,13.0,18.0,26.0,36.0,54.0,62.0,69.0,63.0,71.0,45.0,75.0
4,Water,1527,591,4.0,5.0,8.0,5.0,8.0,9.0,9.0,8.0,25.0,10.0,7.0,11.0
4,Water,1527,596,1.0,4.0,6.0,2.0,1.0,0.0,1.0,1.0,0.0,1.0,1.0,1.0
4,Water,1527,601,1.0,4.0,5.0,1.0,1.0,0.0,1.0,1.0,0.0,1.0,1.0,0.0
4,Water,1967,463,1.0,8.0,14.0,15.0,17.0,28.0,32.0,38.0,37.0,28.0,22.0,34.0
4,Water,1967,468,0.0,1.0,3.0,0.0,0.0,0.0,0.0,0.0,0.0,0.0,0.0,0.0
4,Water,1967,473,0.0,0.0,3.0,0.0,0.0,0.0,0.0,0.0,0.0,0.0,0.0,0.0
4,Water,1967,478,5.0,12.0,18.0,19.0,18.0,34.0,43.0,36.0,42.0,28.0,14.0,48.0
4,Water,1972,463,0.0,1.0,3.0,0.0,0.0,0.0,0.0,0.0,2.0,0.0,1.0,0.0
4,Water,1972,468,0.0,0.0,3.0,0.0,0.0,0.0,0.0,0.0,0.0,0.0,0.0,0.0
4,Water,1972,473,0.0,0.0,3.0,0.0,0.0,0.0,0.0,0.0,0.0,0.0,0.0,0.0
4,Water,1972,478,2.0,3.0,9.0,10.0,17.0,23.0,23.0,22.0,43.0,27.0,20.0,25.0
4,Water,1977,463,0.0,0.0,3.0,0.0,0.0,0.0,0.0,0.0,0.0,0.0,0.0,0.0
4,Water,1977,468,0.0,1.0,3.0,0.0,0.0,0.0,0.0,0.0,0.0,0.0,0.0,0.0
4,Water,1977,473,0.0,0.0,3.0,0.0,0.0,0.0,0.0,0.0,0.0,0.0,0.0,0.0
4,Water,1977,478,4.0,9.0,12.0,15.0,24.0,42.0,47.0,37.0,60.0,43.0,32.0,51.0
4,Water,1982,463,0.0,0.0,3.0,0.0,0.0,0.0,0.0,0.0,0.0,0.0,0.0,0.0
4,Water,1982,468,0.0,0.0,3.0,0.0,0.0,0.0,0.0,0.0,0.0,0.0,0.0,0.0
4,Water,1982,473,0.0,0.0,3.0,0.0,0.0,0.0,0.0,0.0,5.0,0.0,1.0,0.0
4,Water,1982,478,5.0,15.0,19.0,20.0,23.0,49.0,56.0,60.0,56.0,41.0,26.0,58.0
4,Water,1957,487,6.0,6.0,12.0,16.0,21.0,32.0,38.0,49.0,47.0,36.0,21.0,46.0
4,Water,1957,492,0.0,0.0,3.0,0.0,0.0,0.0,0.0,0.0,0.0,0.0,0.0,0.0
4,Water,1957,497,0.0,0.0,3.0,0.0,0.0,0.0,0.0,0.0,0.0,0.0,0.0,0.0
4,Water,1957,502,0.0,0.0,3.0,0.0,0.0,0.0,0.0,0.0,0.0,0.0,0.0,0.0
4,Water,1962,487,2.0,6.0,14.0,17.0,21.0,30.0,35.0,36.0,23.0,27.0,18.0,38.0
4,Water,1962,492,0.0,0.0,3.0,0.0,0.0,0.0,0.0,0.0,0.0,0.0,1.0,0.0
4,Water,1962,497,0.0,0.0,3.0,0.0,0.0,0.0,0.0,0.0,0.0,0.0,0.0,0.0
4,Water,1962,502,1.0,5.0,8.0,8.0,7.0,13.0,11.0,10.0,24.0,12.0,9.0,15.0
4,Water,1967,487,0.0,0.0,4.0,0.0,0.0,0.0,0.0,0.0,4.0,1.0,1.0,0.0
4,Water,1967,492,0.0,0.0,3.0,0.0,0.0,0.0,0.0,0.0,0.0,0.0,1.0,0.0
4,Water,1967,497,0.0,0.0,2.0,0.0,0.0,0.0,0.0,0.0,0.0,0.0,0.0,0.0
4,Water,1967,502,3.0,5.0,10.0,12.0,15.0,28.0,36.0,46.0,52.0,35.0,23.0,41.0
4,Water,1972,487,0.0,0.0,2.0,0.0,0.0,0.0,0.0,0.0,19.0,1.0,1.0,0.0
4,Water,1972,492,0.0,0.0,3.0,0.0,0.0,0.0,0.0,0.0,0.0,0.0,1.0,0.0
4,Water,1972,497,0.0,0.0,3.0,0.0,0.0,0.0,0.0,0.0,0.0,0.0,1.0,0.0
4,Water,1972,502,5.0,15.0,21.0,26.0,34.0,52.0,59.0,67.0,62.0,70.0,44.0,65.0
4,Water,2194,512,0.0,9.0,24.0,19.0,33.0,25.0,23.0,21.0,0.0,0.0,1.0,15.0
4,Water,2194,517,2.0,11.0,25.0,22.0,34.0,26.0,26.0,23.0,1.0,0.0,0.0,17.0
4,Water,2194,522,4.0,14.0,30.0,27.0,40.0,31.0,30.0,28.0,2.0,0.0,1.0,21.0
4,Water,2194,527,3.0,12.0,29.0,24.0,38.0,26.0,25.0,23.0,1.0,0.0,0.0,17.0
4,Water,2199,512,0.0,8.0,22.0,17.0,34.0,24.0,22.0,19.0,0.0,0.0,0.0,13.0
4,Water,2199,517,3.0,12.0,29.0,24.0,40.0,29.0,27.0,25.0,1.0,0.0,0.0,18.0
4,Water,2199,522,4.0,15.0,30.0,27.0,41.0,31.0,30.0,28.0,2.0,0.0,0.0,20.0
4,Water,2199,527,2.0,14.0,30.0,26.0,40.0,29.0,27.0,25.0,0.0,0.0,0.0,18.0
4,Water,2204,512,0.0,7.0,23.0,17.0,32.0,21.0,21.0,18.0,0.0,0.0,0.0,11.0
4,Water,2204,517,1.0,10.0,26.0,21.0,36.0,24.0,23.0,21.0,0.0,0.0,0.0,13.0
4,Water,2204,522,3.0,13.0,28.0,24.0,37.0,28.0,28.0,25.0,1.0,0.0,0.0,19.0
4,Water,2204,527,2.0,12.0,28.0,24.0,38.0,26.0,24.0,22.0,0.0,0.0,0.0,15.0
4,Water,2209,512,0.0,7.0,22.0,15.0,33.0,21.0,19.0,17.0,0.0,0.0,1.0,10.0
4,Water,2209,517,1.0,11.0,27.0,21.0,37.0,25.0,23.0,20.0,0.0,0.0,0.0,14.0
4,Water,2209,522,0.0,9.0,26.0,22.0,36.0,22.0,20.0,18.0,0.0,0.0,0.0,12.0
4,Water,2209,527,1.0,10.0,26.0,22.0,36.0,24.0,22.0,20.0,0.0,0.0,1.0,13.0
4,Water,2193,563,0.0,1.0,12.0,4.0,23.0,13.0,12.0,9.0,4.0,0.0,0.0,4.0
4,Water,2193,568,0.0,0.0,4.0,0.0,11.0,9.0,9.0,7.0,0.0,0.0,0.0,3.0
4,Water,2193,573,0.0,0.0,6.0,2.0,13.0,6.0,5.0,3.0,0.0,0.0,0.0,0.0
4,Water,2193,578,0.0,0.0,10.0,4.0,18.0,7.0,6.0,3.0,0.0,1.0,1.0,1.0
4,Water,2198,563,0.0,1.0,13.0,5.0,24.0,15.0,13.0,10.0,0.0,1.0,1.0,5.0
4,Water,2198,568,0.0,0.0,10.0,3.0,21.0,11.0,10.0,8.0,0.0,0.0,0.0,3.0
4,Water,2198,573,0.0,0.0,9.0,3.0,18.0,9.0,8.0,5.0,0.0,0.0,0.0,2.0
4,Water,2198,578,0.0,0.0,10.0,4.0,19.0,8.0,7.0,4.0,0.0,0.0,0.0,1.0
4,Water,2203,563,0.0,2.0,13.0,6.0,23.0,15.0,14.0,11.0,5.0,1.0,1.0,6.0
4,Water,2203,568,0.0,0.0,11.0,3.0,22.0,14.0,12.0,9.0,0.0,0.0,0.0,4.0
4,Water,2203,573,0.0,0.0,11.0,3.0,21.0,11.0,10.0,7.0,0.0,0.0,0.0,3.0
4,Water,2203,578,0.0,0.0,11.0,4.0,22.0,12.0,10.0,7.0,0.0,0.0,1.0,3.0
4,Water,2208,563,5.0,13.0,21.0,31.0,41.0,57.0,64.0,74.0,71.0,89.0,56.0,75.0
4,Water,2208,568,0.0,0.0,13.0,5.0,23.0,14.0,12.0,9.0,0.0,1.0,1.0,4.0
4,Water,2208,573,0.0,0.0,12.0,4.0,22.0,13.0,11.0,9.0,0.0,0.0,0.0,4.0
4,Water,2208,578,0.0,0.0,11.0,3.0,21.0,11.0,10.0,7.0,0.0,0.0,1.0,3.0
4,Water,2242,745,0.0,0.0,3.0,0.0,1.0,0.0,0.0,0.0,0.0,0.0,0.0,0.0
4,Water,2242,750,0.0,0.0,4.0,0.0,0.0,0.0,0.0,0.0,0.0,0.0,0.0,0.0
4,Water,2242,755,0.0,0.0,4.0,0.0,0.0,0.0,0.0,0.0,0.0,0.0,0.0,0.0
4,Water,2242,760,0.0,0.0,3.0,0.0,0.0,0.0,0.0,0.0,0.0,1.0,1.0,0.0
4,Water,2247,745,0.0,0.0,3.0,1.0,0.0,0.0,0.0,0.0,0.0,0.0,0.0,0.0
4,Water,2247,750,0.0,0.0,4.0,0.0,0.0,0.0,0.0,0.0,0.0,0.0,0.0,0.0
4,Water,2247,755,0.0,0.0,3.0,0.0,0.0,0.0,0.0,0.0,0.0,0.0,0.0,0.0
4,Water,2247,760,0.0,0.0,3.0,0.0,0.0,0.0,0.0,0.0,0.0,0.0,1.0,0.0
4,Water,2252,745,0.0,0.0,4.0,0.0,1.0,0.0,0.0,0.0,0.0,0.0,0.0,0.0
4,Water,2252,750,0.0,0.0,3.0,0.0,0.0,0.0,0.0,0.0,0.0,0.0,0.0,0.0
4,Water,2252,755,0.0,0.0,3.0,0.0,1.0,0.0,0.0,0.0,0.0,0.0,0.0,0.0
4,Water,2252,760,0.0,0.0,3.0,0.0,0.0,0.0,0.0,0.0,0.0,0.0,1.0,0.0
4,Water,2257,745,0.0,0.0,4.0,1.0,3.0,0.0,1.0,0.0,4.0,1.0,1.0,1.0
4,Water,2257,750,0.0,0.0,3.0,2.0,3.0,0.0,0.0,0.0,0.0,0.0,0.0,0.0
4,Water,2257,755,0.0,0.0,4.0,1.0,2.0,0.0,0.0,0.0,0.0,0.0,0.0,0.0
4,Water,2257,760,0.0,0.0,4.0,1.0,0.0,0.0,0.0,0.0,0.0,0.0,1.0,0.0
4,Water,1466,837,0.0,1.0,2.0,4.0,5.0,5.0,6.0,6.0,7.0,6.0,4.0,6.0
4,Water,1466,842,0.0,1.0,3.0,4.0,5.0,5.0,5.0,6.0,6.0,5.0,4.0,5.0
4,Water,1466,847,0.0,1.0,2.0,4.0,5.0,5.0,6.0,6.0,5.0,6.0,5.0,7.0
4,Water,1466,852,0.0,2.0,4.0,6.0,7.0,7.0,9.0,9.0,9.0,10.0,7.0,9.0
4,Water,1471,837,0.0,1.0,2.0,4.0,4.0,5.0,6.0,6.0,4.0,5.0,3.0,6.0
4,Water,1471,842,0.0,1.0,1.0,3.0,3.0,4.0,5.0,6.0,5.0,5.0,3.0,6.0
4,Water,1471,847,0.0,0.0,1.0,2.0,3.0,3.0,5.0,4.0,4.0,5.0,3.0,5.0
4,Water,1471,852,0.0,1.0,2.0,3.0,5.0,4.0,6.0,6.0,5.0,6.0,4.0,5.0
4,Water,1476,837,0.0,0.0,1.0,1.0,3.0,1.0,2.0,2.0,2.0,2.0,2.0,1.0
4,Water,1476,842,0.0,1.0,2.0,3.0,4.0,4.0,5.0,5.0,3.0,4.0,3.0,5.0
4,Water,1476,847,0.0,0.0,2.0,2.0,3.0,3.0,4.0,4.0,4.0,4.0,3.0,4.0
4,Water,1476,852,0.0,0.0,1.0,2.0,3.0,4.0,4.0,4.0,4.0,5.0,3.0,5.0
4,Water,1481,837,18.0,24.0,33.0,50.0,59.0,64.0,71.0,86.0,90.0,98.0,63.0,86.0
4,Water,1481,842,0.0,1.0,3.0,4.0,5.0,4.0,5.0,5.0,5.0,4.0,3.0,4.0
4,Water,1481,847,0.0,1.0,1.0,2.0,3.0,3.0,5.0,5.0,4.0,4.0,3.0,5.0
4,Water,1481,852,0.0,0.0,1.0,2.0,3.0,3.0,4.0,4.0,4.0,4.0,3.0,4.0
4,Water,159,476,9.0,13.0,18.0,26.0,28.0,35.0,40.0,53.0,48.0,56.0,37.0,48.0
4,Water,159,481,11.0,17.0,19.0,5.0,3.0,0.0,1.0,1.0,0.0,1.0,1.0,0.0
4,Water,159,486,10.0,15.0,17.0,4.0,2.0,0.0,1.0,0.0,0.0,1.0,1.0,0.0
4,Water,159,491,9.0,14.0,16.0,3.0,2.0,0.0,1.0,0.0,0.0,1.0,1.0,0.0
4,Water,164,476,9.0,14.0,15.0,3.0,2.0,0.0,0.0,0.0,0.0,1.0,1.0,0.0
4,Water,164,481,11.0,16.0,18.0,4.0,2.0,0.0,0.0,0.0,0.0,0.0,1.0,0.0
4,Water,164,486,12.0,17.0,20.0,5.0,3.0,0.0,0.0,0.0,0.0,0.0,0.0,0.0
4,Water,164,491,12.0,19.0,21.0,5.0,3.0,0.0,0.0,0.0,0.0,0.0,1.0,0.0
4,Water,169,476,9.0,14.0,15.0,3.0,2.0,0.0,0.0,0.0,0.0,0.0,0.0,0.0
4,Water,169,481,10.0,15.0,17.0,4.0,2.0,0.0,0.0,0.0,0.0,0.0,0.0,0.0
4,Water,169,486,11.0,17.0,19.0,5.0,2.0,0.0,0.0,0.0,0.0,0.0,0.0,0.0
4,Water,169,491,12.0,18.0,19.0,5.0,3.0,0.0,1.0,0.0,10.0,0.0,1.0,0.0
4,Water,174,476,9.0,14.0,15.0,3.0,2.0,0.0,0.0,0.0,3.0,0.0,1.0,0.0
4,Water,174,481,9.0,14.0,16.0,4.0,2.0,0.0,0.0,1.0,0.0,0.0,1.0,0.0
4,Water,174,486,8.0,15.0,17.0,4.0,2.0,1.0,1.0,1.0,17.0,2.0,1.0,1.0
4,Water,174,491,3.0,4.0,7.0,7.0,13.0,29.0,34.0,32.0,38.0,24.0,17.0,37.0
5,Snow,273,1404,93.0,90.0,73.0,61.0,59.0,59.0,57.0,57.0,48.0,12.0,12.0,59.0
5,Snow,273,1409,34.0,25.0,18.0,13.0,13.0,13.0,12.0,11.0,12.0,4.0,4.0,12.0
5,Snow,273,1414,62.0,52.0,35.0,22.0,22.0,22.0,20.0,14.0,30.0,4.0,4.0,17.0
5,Snow,273,1419,70.0,69.0,50.0,38.0,34.0,32.0,32.0,33.0,20.0,8.0,8.0,30.0
5,Snow,278,1404,100.0,94.0,74.0,62.0,59.0,59.0,59.0,55.0,57.0,18.0,16.0,58.0
5,Snow,278,1409,100.0,94.0,72.0,55.0,53.0,50.0,47.0,47.0,38.0,13.0,11.0,45.0
5,Snow,278,1414,65.0,52.0,39.0,29.0,25.0,28.0,27.0,24.0,25.0,15.0,12.0,23.0
5,Snow,278,1419,102.0,93.0,72.0,55.0,52.0,49.0,47.0,46.0,29.0,13.0,9.0,42.0
5,Snow,283,1404,113.0,85.0,85.0,87.0,112.0,118.0,125.0,92.0,143.0,109.0,107.0,124.0
5,Snow,283,1409,98.0,91.0,71.0,55.0,52.0,51.0,49.0,46.0,42.0,14.0,13.0,44.0
5,Snow,283,1414,80.0,74.0,56.0,44.0,40.0,39.0,38.0,38.0,30.0,14.0,12.0,34.0
5,Snow,283,1419,67.0,81.0,64.0,50.0,50.0,51.0,53.0,45.0,53.0,22.0,19.0,43.0
5,Snow,288,1404,79.0,76.0,80.0,85.0,98.0,98.0,95.0,94.0,113.0,77.0,78.0,98.0
5,Snow,288,1409,194.0,181.0,181.0,183.0,168.0,166.0,160.0,182.0,251.0,93.0,99.0,157.0
5,Snow,288,1414,62.0,79.0,74.0,68.0,70.0,70.0,62.0,70.0,78.0,28.0,28.0,63.0
5,Snow,288,1419,75.0,69.0,74.0,81.0,84.0,84.0,83.0,86.0,104.0,62.0,56.0,83.0
5,Snow,219,1268,58.0,61.0,68.0,75.0,78.0,76.0,77.0,82.0,98.0,73.0,73.0,81.0
5,Snow,219,1273,86.0,82.0,89.0,97.0,101.0,106.0,108.0,114.0,137.0,121.0,117.0,114.0
5,Snow,219,1278,104.0,100.0,109.0,115.0,111.0,109.0,112.0,133.0,158.0,145.0,136.0,123.0
5,Snow,219,1283,82.0,104.0,106.0,109.0,101.0,100.0,104.0,124.0,115.0,117.0,111.0,112.0
5,Snow,224,1268,68.0,78.0,84.0,93.0,98.0,100.0,102.0,108.0,115.0,89.0,86.0,107.0
5,Snow,224,1273,131.0,160.0,165.0,174.0,171.0,170.0,170.0,176.0,155.0,64.0,62.0,167.0
5,Snow,224,1278,101.0,116.0,116.0,110.0,88.0,91.0,91.0,106.0,92.0,34.0,31.0,90.0
5,Snow,224,1283,84.0,53.0,47.0,43.0,46.0,46.0,46.0,39.0,64.0,36.0,31.0,43.0
5,Snow,229,1268,58.0,74.0,79.0,85.0,90.0,92.0,95.0,108.0,110.0,76.0,66.0,100.0
5,Snow,229,1273,94.0,97.0,103.0,109.0,110.0,110.0,112.0,124.0,127.0,99.0,93.0,119.0
5,Snow,229,1278,104.0,69.0,66.0,63.0,64.0,63.0,62.0,72.0,119.0,73.0,70.0,70.0
5,Snow,229,1283,110.0,119.0,125.0,132.0,134.0,135.0,136.0,146.0,148.0,91.0,85.0,142.0
5,Snow,234,1268,59.0,65.0,74.0,83.0,92.0,91.0,96.0,101.0,113.0,96.0,84.0,103.0
5,Snow,234,1273,94.0,95.0,98.0,102.0,109.0,110.0,110.0,108.0,125.0,63.0,62.0,111.0
5,Snow,234,1278,60.0,79.0,85.0,94.0,87.0,86.0,92.0,109.0,103.0,126.0,123.0,105.0
5,Snow,234,1283,99.0,110.0,117.0,123.0,125.0,125.0,128.0,138.0,142.0,107.0,101.0,134.0
5,Snow,251,1394,126.0,92.0,77.0,68.0,68.0,72.0,72.0,76.0,130.0,19.0,16.0,72.0
5,Snow,251,1399,147.0,137.0,130.0,128.0,132.0,135.0,138.0,138.0,166.0,29.0,28.0,139.0
5,Snow,251,1404,103.0,107.0,110.0,113.0,112.0,125.0,129.0,136.0,141.0,44.0,41.0,132.0
5,Snow,251,1409,110.0,129.0,133.0,138.0,149.0,147.0,146.0,142.0,133.0,41.0,39.0,147.0
5,Snow,256,1394,140.0,94.0,91.0,87.0,81.0,79.0,76.0,85.0,157.0,41.0,36.0,79.0
5,Snow,256,1399,232.0,210.0,211.0,223.0,236.0,238.0,233.0,233.0,255.0,56.0,54.0,234.0
5,Snow,256,1404,157.0,163.0,167.0,171.0,186.0,184.0,183.0,176.0,180.0,29.0,29.0,181.0
5,Snow,256,1409,123.0,113.0,112.0,106.0,101.0,101.0,104.0,112.0,108.0,20.0,21.0,109.0
5,Snow,261,1394,123.0,106.0,120.0,129.0,126.0,125.0,126.0,132.0,147.0,69.0,62.0,132.0
5,Snow,261,1399,169.0,163.0,152.0,151.0,188.0,186.0,183.0,149.0,209.0,36.0,32.0,181.0
5,Snow,261,1404,178.0,161.0,165.0,171.0,184.0,185.0,189.0,178.0,196.0,33.0,34.0,199.0
5,Snow,261,1409,115.0,62.0,52.0,45.0,49.0,50.0,49.0,46.0,144.0,12.0,11.0,48.0
5,Snow,266,1394,86.0,87.0,66.0,66.0,75.0,75.0,76.0,72.0,93.0,25.0,25.0,79.0
5,Snow,266,1399,100.0,80.0,66.0,55.0,54.0,53.0,53.0,51.0,85.0,10.0,10.0,52.0
5,Snow,266,1404,168.0,105.0,105.0,104.0,145.0,145.0,145.0,105.0,195.0,27.0,27.0,142.0
5,Snow,266,1409,143.0,196.0,196.0,203.0,196.0,195.0,193.0,201.0,185.0,46.0,47.0,188.0
5,Snow,199,1451,127.0,57.0,47.0,42.0,52.0,50.0,51.0,41.0,124.0,12.0,11.0,54.0
5,Snow,199,1456,74.0,73.0,73.0,75.0,85.0,96.0,100.0,107.0,113.0,21.0,18.0,105.0
5,Snow,199,1461,57.0,73.0,78.0,85.0,82.0,84.0,87.0,97.0,89.0,35.0,32.0,90.0
5,Snow,199,1466,66.0,54.0,56.0,54.0,61.0,71.0,71.0,64.0,74.0,28.0,21.0,68.0
5,Snow,204,1451,96.0,74.0,62.0,53.0,55.0,54.0,56.0,50.0,59.0,13.0,11.0,54.0
5,Snow,204,1456,145.0,156.0,160.0,168.0,172.0,177.0,177.0,185.0,181.0,30.0,26.0,177.0
5,Snow,204,1461,83.0,73.0,76.0,79.0,100.0,110.0,113.0,109.0,119.0,34.0,30.0,116.0
5,Snow,204,1466,91.0,116.0,116.0,120.0,129.0,132.0,134.0,143.0,130.0,27.0,23.0,139.0
5,Snow,209,1451,90.0,86.0,73.0,62.0,63.0,62.0,63.0,64.0,54.0,15.0,15.0,60.0
5,Snow,209,1456,142.0,98.0,80.0,70.0,70.0,69.0,71.0,67.0,123.0,21.0,19.0,68.0
5,Snow,209,1461,170.0,180.0,184.0,189.0,197.0,200.0,199.0,204.0,199.0,30.0,28.0,200.0
5,Snow,209,1466,86.0,94.0,98.0,104.0,104.0,105.0,106.0,110.0,111.0,34.0,32.0,105.0
5,Snow,214,1451,80.0,106.0,110.0,115.0,113.0,114.0,117.0,123.0,82.0,71.0,73.0,119.0
5,Snow,214,1456,91.0,83.0,69.0,55.0,56.0,56.0,55.0,54.0,58.0,17.0,16.0,55.0
5,Snow,214,1461,223.0,233.0,237.0,244.0,239.0,236.0,233.0,243.0,246.0,43.0,45.0,233.0
5,Snow,214,1466,140.0,132.0,134.0,137.0,142.0,141.0,142.0,138.0,149.0,25.0,24.0,138.0
5,Snow,1,1496,66.0,64.0,53.0,43.0,42.0,43.0,42.0,38.0,31.0,7.0,6.0,39.0
5,Snow,1,1501,38.0,33.0,24.0,18.0,17.0,17.0,18.0,17.0,13.0,2.0,1.0,17.0
5,Snow,1,1506,207.0,252.0,255.0,255.0,245.0,242.0,236.0,255.0,229.0,30.0,30.0,230.0
5,Snow,1,1511,80.0,61.0,49.0,38.0,43.0,51.0,52.0,50.0,102.0,5.0,4.0,48.0
5,Snow,6,1496,73.0,71.0,56.0,42.0,43.0,46.0,48.0,42.0,41.0,8.0,9.0,46.0
5,Snow,6,1501,106.0,88.0,65.0,49.0,48.0,48.0,49.0,45.0,41.0,5.0,5.0,44.0
5,Snow,6,1506,116.0,96.0,74.0,52.0,47.0,44.0,46.0,43.0,41.0,5.0,4.0,41.0
5,Snow,6,1511,116.0,90.0,70.0,54.0,56.0,57.0,63.0,59.0,60.0,5.0,4.0,53.0
5,Snow,11,1496,118.0,128.0,105.0,84.0,69.0,67.0,66.0,86.0,111.0,12.0,10.0,65.0
5,Snow,11,1501,97.0,92.0,71.0,60.0,59.0,62.0,62.0,62.0,47.0,9.0,8.0,59.0
5,Snow,11,1506,94.0,79.0,61.0,44.0,44.0,45.0,48.0,39.0,42.0,5.0,4.0,43.0
5,Snow,11,1511,120.0,110.0,89.0,69.0,71.0,74.0,77.0,74.0,74.0,6.0,6.0,70.0
5,Snow,16,1496,185.0,177.0,145.0,115.0,112.0,110.0,105.0,96.0,81.0,12.0,12.0,92.0
5,Snow,16,1501,176.0,98.0,82.0,66.0,114.0,118.0,117.0,70.0,255.0,65.0,61.0,117.0
5,Snow,16,1506,133.0,119.0,111.0,109.0,109.0,109.0,107.0,96.0,114.0,53.0,44.0,110.0
5,Snow,16,1511,20.0,14.0,10.0,6.0,5.0,5.0,6.0,5.0,3.0,0.0,0.0,4.0
5,Snow,136,1069,74.0,71.0,76.0,80.0,75.0,101.0,109.0,129.0,124.0,29.0,20.0,113.0
5,Snow,136,1074,100.0,99.0,94.0,99.0,114.0,119.0,122.0,125.0,124.0,71.0,65.0,125.0
5,Snow,136,1079,87.0,82.0,75.0,72.0,81.0,83.0,85.0,81.0,71.0,63.0,63.0,88.0
5,Snow,136,1084,16.0,21.0,29.0,38.0,39.0,41.0,41.0,39.0,36.0,18.0,16.0,38.0
5,Snow,141,1069,89.0,77.0,82.0,86.0,91.0,99.0,105.0,111.0,135.0,42.0,33.0,112.0
5,Snow,141,1074,112.0,110.0,104.0,103.0,96.0,98.0,101.0,116.0,118.0,39.0,33.0,107.0
5,Snow,141,1079,89.0,94.0,89.0,88.0,81.0,84.0,85.0,91.0,85.0,76.0,77.0,86.0
5,Snow,141,1084,61.0,60.0,49.0,59.0,47.0,50.0,50.0,63.0,60.0,47.0,44.0,51.0
5,Snow,146,1069,116.0,131.0,132.0,141.0,147.0,148.0,154.0,160.0,140.0,44.0,38.0,157.0
5,Snow,146,1074,113.0,124.0,123.0,128.0,133.0,133.0,134.0,136.0,130.0,43.0,40.0,135.0
5,Snow,146,1079,54.0,56.0,56.0,56.0,59.0,59.0,59.0,59.0,63.0,36.0,36.0,59.0
5,Snow,146,1084,77.0,70.0,64.0,61.0,62.0,65.0,66.0,64.0,80.0,61.0,62.0,64.0
5,Snow,151,1069,108.0,118.0,118.0,122.0,113.0,116.0,117.0,136.0,139.0,41.0,35.0,121.0
5,Snow,151,1074,112.0,118.0,118.0,122.0,126.0,125.0,126.0,130.0,135.0,40.0,36.0,128.0
5,Snow,151,1079,68.0,65.0,66.0,68.0,70.0,70.0,70.0,72.0,85.0,42.0,43.0,72.0
5,Snow,151,1084,60.0,67.0,67.0,67.0,70.0,69.0,69.0,70.0,83.0,40.0,39.0,69.0
5,Snow,194,1150,66.0,37.0,31.0,25.0,23.0,25.0,30.0,33.0,83.0,24.0,22.0,28.0
5,Snow,194,1155,63.0,63.0,48.0,35.0,38.0,38.0,38.0,38.0,35.0,17.0,16.0,38.0
5,Snow,194,1160,28.0,17.0,12.0,8.0,9.0,7.0,10.0,9.0,18.0,7.0,6.0,8.0
5,Snow,194,1165,85.0,90.0,94.0,95.0,95.0,97.0,96.0,105.0,109.0,79.0,75.0,96.0
5,Snow,199,1150,51.0,20.0,16.0,14.0,34.0,35.0,35.0,16.0,83.0,39.0,35.0,39.0
5,Snow,199,1155,107.0,68.0,47.0,39.0,64.0,65.0,68.0,45.0,139.0,60.0,59.0,70.0
5,Snow,199,1160,74.0,70.0,54.0,41.0,40.0,43.0,42.0,43.0,37.0,20.0,19.0,44.0
5,Snow,199,1165,49.0,30.0,20.0,12.0,14.0,15.0,15.0,12.0,36.0,8.0,8.0,13.0
5,Snow,204,1150,55.0,50.0,54.0,57.0,54.0,61.0,62.0,80.0,91.0,74.0,67.0,70.0
5,Snow,204,1155,68.0,60.0,65.0,71.0,76.0,79.0,83.0,82.0,100.0,120.0,110.0,94.0
5,Snow,204,1160,112.0,154.0,152.0,155.0,144.0,142.0,139.0,157.0,124.0,67.0,68.0,137.0
5,Snow,204,1165,47.0,35.0,42.0,48.0,43.0,43.0,46.0,55.0,59.0,23.0,22.0,48.0
5,Snow,209,1150,44.0,37.0,37.0,38.0,53.0,58.0,61.0,57.0,89.0,68.0,63.0,70.0
5,Snow,209,1155,62.0,71.0,75.0,80.0,84.0,87.0,90.0,95.0,94.0,88.0,84.0,99.0
5,Snow,209,1160,97.0,86.0,80.0,79.0,86.0,85.0,90.0,80.0,107.0,57.0,53.0,96.0
5,Snow,209,1165,64.0,46.0,49.0,50.0,50.0,52.0,53.0,55.0,72.0,49.0,51.0,56.0
5,Snow,181,960,76.0,68.0,51.0,38.0,35.0,36.0,36.0,33.0,32.0,13.0,13.0,31.0
5,Snow,181,965,55.0,59.0,42.0,31.0,31.0,28.0,29.0,29.0,20.0,10.0,11.0,27.0
5,Snow,181,970,15.0,12.0,8.0,5.0,5.0,4.0,5.0,4.0,5.0,3.0,3.0,4.0
5,Snow,181,975,28.0,42.0,46.0,50.0,52.0,53.0,55.0,62.0,59.0,97.0,93.0,61.0
5,Snow,186,960,91.0,84.0,63.0,46.0,42.0,42.0,43.0,43.0,79.0,19.0,18.0,39.0
5,Snow,186,965,75.0,66.0,49.0,36.0,36.0,35.0,35.0,33.0,32.0,18.0,19.0,33.0
5,Snow,186,970,68.0,61.0,44.0,31.0,30.0,30.0,28.0,26.0,29.0,16.0,15.0,27.0
5,Snow,186,975,48.0,26.0,18.0,12.0,12.0,11.0,10.0,9.0,14.0,5.0,4.0,9.0
5,Snow,191,960,36.0,39.0,50.0,60.0,66.0,69.0,70.0,73.0,69.0,105.0,96.0,73.0
5,Snow,191,965,98.0,86.0,77.0,72.0,88.0,95.0,90.0,72.0,148.0,73.0,65.0,93.0
5,Snow,191,970,86.0,62.0,50.0,39.0,38.0,38.0,37.0,35.0,33.0,21.0,20.0,34.0
5,Snow,191,975,80.0,68.0,50.0,37.0,35.0,33.0,35.0,33.0,31.0,17.0,17.0,31.0
5,Snow,196,960,25.0,34.0,44.0,51.0,51.0,51.0,52.0,60.0,60.0,81.0,74.0,54.0
5,Snow,196,965,35.0,36.0,40.0,45.0,51.0,51.0,52.0,52.0,57.0,61.0,59.0,52.0
5,Snow,196,970,55.0,45.0,49.0,52.0,60.0,62.0,65.0,48.0,71.0,47.0,42.0,65.0
5,Snow,196,975,87.0,60.0,47.0,37.0,40.0,40.0,38.0,34.0,45.0,25.0,22.0,37.0
5,Snow,205,1219,71.0,80.0,82.0,86.0,87.0,91.0,92.0,100.0,98.0,51.0,47.0,96.0
5,Snow,205,1224,72.0,72.0,58.0,48.0,45.0,45.0,48.0,48.0,58.0,23.0,21.0,47.0
5,Snow,205,1229,59.0,41.0,30.0,22.0,22.0,23.0,23.0,21.0,28.0,7.0,6.0,21.0
5,Snow,205,1234,74.0,67.0,54.0,42.0,36.0,39.0,39.0,42.0,40.0,14.0,15.0,38.0
5,Snow,210,1219,101.0,102.0,102.0,104.0,100.0,101.0,100.0,112.0,117.0,54.0,50.0,103.0
5,Snow,210,1224,78.0,71.0,73.0,76.0,69.0,69.0,68.0,78.0,91.0,48.0,43.0,66.0
5,Snow,210,1229,78.0,75.0,58.0,47.0,44.0,45.0,46.0,46.0,45.0,17.0,17.0,43.0
5,Snow,210,1234,71.0,62.0,48.0,38.0,38.0,37.0,38.0,36.0,34.0,17.0,17.0,36.0
5,Snow,215,1219,78.0,77.0,89.0,96.0,84.0,84.0,86.0,105.0,107.0,51.0,49.0,89.0
5,Snow,215,1224,94.0,94.0,98.0,103.0,112.0,112.0,111.0,113.0,120.0,59.0,58.0,111.0
5,Snow,215,1229,106.0,92.0,72.0,57.0,52.0,55.0,50.0,52.0,105.0,26.0,25.0,49.0
5,Snow,215,1234,125.0,190.0,189.0,195.0,193.0,190.0,189.0,203.0,144.0,90.0,90.0,189.0
5,Snow,220,1219,52.0,90.0,102.0,106.0,81.0,81.0,83.0,111.0,81.0,82.0,77.0,83.0
5,Snow,220,1224,81.0,88.0,92.0,96.0,106.0,107.0,106.0,101.0,103.0,63.0,64.0,108.0
5,Snow,220,1229,94.0,98.0,101.0,102.0,106.0,106.0,106.0,107.0,114.0,66.0,67.0,107.0
5,Snow,220,1234,108.0,140.0,138.0,139.0,144.0,144.0,144.0,144.0,115.0,69.0,67.0,142.0
5,Snow,218,1262,66.0,54.0,46.0,40.0,60.0,59.0,58.0,41.0,59.0,29.0,26.0,60.0
5,Snow,218,1267,85.0,95.0,102.0,108.0,114.0,115.0,118.0,122.0,136.0,103.0,101.0,125.0
5,Snow,218,1272,83.0,107.0,113.0,118.0,124.0,128.0,128.0,128.0,130.0,124.0,116.0,131.0
5,Snow,218,1277,31.0,38.0,31.0,25.0,25.0,25.0,25.0,25.0,34.0,20.0,16.0,26.0
5,Snow,223,1262,67.0,62.0,68.0,75.0,78.0,76.0,79.0,82.0,101.0,72.0,73.0,80.0
5,Snow,223,1267,71.0,82.0,87.0,92.0,98.0,102.0,103.0,108.0,129.0,121.0,117.0,109.0
5,Snow,223,1272,101.0,100.0,109.0,115.0,111.0,109.0,112.0,132.0,158.0,145.0,136.0,123.0
5,Snow,223,1277,79.0,104.0,106.0,109.0,101.0,100.0,104.0,124.0,113.0,117.0,111.0,112.0
5,Snow,228,1262,67.0,68.0,77.0,84.0,86.0,87.0,89.0,95.0,108.0,89.0,86.0,92.0
5,Snow,228,1267,131.0,160.0,165.0,174.0,170.0,170.0,170.0,176.0,155.0,73.0,70.0,167.0
5,Snow,228,1272,127.0,137.0,123.0,114.0,105.0,102.0,102.0,118.0,142.0,34.0,31.0,100.0
5,Snow,228,1277,84.0,64.0,53.0,43.0,46.0,46.0,46.0,39.0,64.0,36.0,31.0,43.0
5,Snow,233,1262,56.0,61.0,68.0,75.0,84.0,84.0,85.0,86.0,105.0,75.0,56.0,87.0
5,Snow,233,1267,97.0,96.0,103.0,109.0,112.0,110.0,112.0,124.0,129.0,67.0,66.0,119.0
5,Snow,233,1272,105.0,79.0,66.0,63.0,73.0,72.0,76.0,72.0,125.0,52.0,52.0,83.0
5,Snow,233,1277,101.0,101.0,92.0,85.0,84.0,89.0,94.0,81.0,103.0,78.0,70.0,85.0
6,MountainRock,365,1212,23.0,30.0,36.0,43.0,40.0,41.0,42.0,49.0,61.0,61.0,60.0,44.0
6,MountainRock,365,1217,20.0,25.0,31.0,34.0,38.0,40.0,41.0,41.0,53.0,74.0,74.0,49.0
6,MountainRock,365,1222,23.0,29.0,33.0,36.0,36.0,36.0,37.0,44.0,50.0,70.0,70.0,45.0
6,MountainRock,365,1227,22.0,27.0,29.0,33.0,34.0,36.0,37.0,41.0,43.0,54.0,56.0,42.0
6,MountainRock,370,1212,23.0,24.0,27.0,31.0,34.0,35.0,36.0,39.0,53.0,59.0,59.0,39.0
6,MountainRock,370,1217,34.0,35.0,39.0,45.0,49.0,52.0,56.0,63.0,81.0,101.0,99.0,65.0
6,MountainRock,370,1222,20.0,22.0,27.0,33.0,36.0,40.0,42.0,45.0,50.0,68.0,65.0,46.0
6,MountainRock,370,1227,21.0,23.0,28.0,31.0,36.0,38.0,42.0,45.0,47.0,75.0,72.0,47.0
6,MountainRock,375,1212,27.0,26.0,28.0,31.0,35.0,36.0,37.0,37.0,53.0,63.0,65.0,41.0
6,MountainRock,375,1217,28.0,21.0,22.0,23.0,20.0,20.0,21.0,26.0,57.0,41.0,37.0,26.0
6,MountainRock,375,1222,29.0,35.0,40.0,47.0,52.0,57.0,61.0,68.0,65.0,99.0,98.0,66.0
6,MountainRock,375,1227,22.0,27.0,30.0,35.0,38.0,41.0,42.0,46.0,48.0,69.0,66.0,47.0
6,MountainRock,380,1212,37.0,39.0,43.0,46.0,46.0,48.0,51.0,56.0,64.0,95.0,91.0,60.0
6,MountainRock,380,1217,30.0,36.0,39.0,41.0,39.0,41.0,43.0,51.0,58.0,77.0,75.0,51.0
6,MountainRock,380,1222,28.0,26.0,28.0,31.0,39.0,41.0,44.0,41.0,60.0,71.0,71.0,49.0
6,MountainRock,380,1227,24.0,28.0,33.0,38.0,39.0,43.0,46.0,52.0,58.0,81.0,74.0,55.0
6,MountainRock,516,1334,32.0,47.0,53.0,60.0,64.0,65.0,68.0,72.0,63.0,114.0,108.0,71.0
6,MountainRock,516,1339,35.0,43.0,47.0,53.0,57.0,61.0,64.0,70.0,69.0,112.0,99.0,73.0
6,MountainRock,516,1344,43.0,48.0,54.0,59.0,68.0,70.0,74.0,73.0,73.0,111.0,102.0,77.0
6,MountainRock,516,1349,44.0,47.0,54.0,59.0,61.0,62.0,65.0,71.0,74.0,108.0,98.0,70.0
6,MountainRock,521,1334,33.0,43.0,48.0,54.0,59.0,63.0,65.0,70.0,66.0,113.0,102.0,73.0
6,MountainRock,521,1339,39.0,43.0,46.0,51.0,54.0,56.0,59.0,66.0,71.0,98.0,87.0,66.0
6,MountainRock,521,1344,44.0,48.0,54.0,60.0,60.0,62.0,64.0,71.0,70.0,106.0,97.0,71.0
6,MountainRock,521,1349,35.0,38.0,43.0,48.0,51.0,53.0,55.0,58.0,62.0,92.0,83.0,60.0
6,MountainRock,526,1334,34.0,36.0,41.0,47.0,51.0,54.0,57.0,64.0,68.0,101.0,86.0,66.0
6,MountainRock,526,1339,39.0,43.0,46.0,52.0,54.0,57.0,60.0,65.0,67.0,103.0,93.0,66.0
6,MountainRock,526,1344,34.0,45.0,50.0,56.0,57.0,58.0,61.0,69.0,64.0,107.0,97.0,68.0
6,MountainRock,526,1349,28.0,33.0,37.0,41.0,43.0,45.0,47.0,51.0,53.0,84.0,81.0,52.0
6,MountainRock,531,1334,29.0,32.0,36.0,42.0,45.0,49.0,53.0,59.0,64.0,93.0,79.0,62.0
6,MountainRock,531,1339,38.0,45.0,50.0,55.0,57.0,59.0,62.0,67.0,66.0,110.0,100.0,69.0
6,MountainRock,531,1344,31.0,35.0,40.0,45.0,49.0,52.0,55.0,62.0,62.0,99.0,90.0,64.0
6,MountainRock,531,1349,34.0,40.0,43.0,46.0,49.0,50.0,50.0,58.0,61.0,90.0,82.0,58.0
6,MountainRock,332,1203,21.0,26.0,31.0,36.0,38.0,39.0,40.0,43.0,47.0,61.0,64.0,42.0
6,MountainRock,332,1208,22.0,26.0,30.0,33.0,36.0,36.0,37.0,40.0,46.0,60.0,63.0,40.0
6,MountainRock,332,1213,22.0,27.0,34.0,42.0,44.0,46.0,47.0,52.0,56.0,69.0,69.0,50.0
6,MountainRock,332,1218,26.0,31.0,35.0,39.0,40.0,41.0,41.0,43.0,52.0,60.0,61.0,43.0
6,MountainRock,337,1203,22.0,27.0,31.0,35.0,38.0,39.0,41.0,43.0,52.0,64.0,66.0,45.0
6,MountainRock,337,1208,23.0,32.0,40.0,48.0,51.0,52.0,53.0,57.0,58.0,74.0,74.0,55.0
6,MountainRock,337,1213,23.0,26.0,33.0,40.0,45.0,47.0,48.0,49.0,59.0,75.0,76.0,51.0
6,MountainRock,337,1218,23.0,25.0,29.0,33.0,35.0,37.0,38.0,41.0,54.0,61.0,61.0,42.0
6,MountainRock,342,1203,22.0,27.0,33.0,39.0,41.0,42.0,44.0,47.0,54.0,69.0,70.0,47.0
6,MountainRock,342,1208,21.0,26.0,33.0,40.0,44.0,45.0,47.0,49.0,58.0,73.0,73.0,50.0
6,MountainRock,342,1213,29.0,34.0,40.0,47.0,50.0,53.0,54.0,58.0,63.0,85.0,82.0,59.0
6,MountainRock,342,1218,18.0,24.0,28.0,33.0,35.0,37.0,40.0,45.0,47.0,63.0,59.0,45.0
6,MountainRock,347,1203,21.0,27.0,32.0,37.0,39.0,41.0,44.0,48.0,57.0,70.0,67.0,50.0
6,MountainRock,347,1208,19.0,23.0,28.0,35.0,40.0,45.0,48.0,52.0,64.0,77.0,66.0,55.0
6,MountainRock,347,1213,24.0,29.0,32.0,39.0,44.0,49.0,53.0,57.0,69.0,85.0,72.0,60.0
6,MountainRock,347,1218,10.0,10.0,15.0,19.0,27.0,42.0,48.0,56.0,55.0,61.0,41.0,58.0
6,MountainRock,343,1119,22.0,24.0,27.0,31.0,34.0,36.0,36.0,36.0,46.0,52.0,54.0,38.0
6,MountainRock,343,1124,42.0,52.0,57.0,64.0,64.0,65.0,66.0,73.0,78.0,108.0,103.0,71.0
6,MountainRock,343,1129,38.0,39.0,43.0,47.0,51.0,52.0,53.0,56.0,74.0,89.0,87.0,59.0
6,MountainRock,343,1134,29.0,30.0,34.0,38.0,43.0,43.0,44.0,46.0,62.0,76.0,77.0,49.0
6,MountainRock,348,1119,20.0,23.0,27.0,31.0,31.0,31.0,32.0,35.0,34.0,46.0,49.0,34.0
6,MountainRock,348,1124,20.0,23.0,26.0,30.0,32.0,33.0,34.0,35.0,43.0,49.0,52.0,35.0
6,MountainRock,348,1129,20.0,24.0,28.0,32.0,33.0,34.0,35.0,37.0,42.0,52.0,55.0,36.0
6,MountainRock,348,1134,20.0,23.0,27.0,31.0,33.0,34.0,35.0,36.0,38.0,49.0,51.0,36.0
6,MountainRock,353,1119,20.0,27.0,35.0,42.0,43.0,44.0,46.0,48.0,51.0,67.0,67.0,47.0
6,MountainRock,353,1124,19.0,23.0,28.0,33.0,35.0,37.0,37.0,38.0,47.0,57.0,59.0,39.0
6,MountainRock,353,1129,20.0,24.0,31.0,37.0,40.0,41.0,42.0,44.0,50.0,61.0,62.0,43.0
6,MountainRock,353,1134,20.0,22.0,29.0,34.0,39.0,40.0,42.0,42.0,52.0,65.0,65.0,45.0
6,MountainRock,358,1119,19.0,24.0,35.0,44.0,47.0,49.0,51.0,54.0,62.0,78.0,78.0,54.0
6,MountainRock,358,1124,23.0,31.0,41.0,51.0,54.0,56.0,57.0,60.0,64.0,76.0,78.0,59.0
6,MountainRock,358,1129,19.0,24.0,31.0,38.0,41.0,43.0,45.0,47.0,54.0,69.0,70.0,48.0
6,MountainRock,358,1134,19.0,26.0,31.0,39.0,40.0,43.0,45.0,49.0,55.0,71.0,69.0,49.0
6,MountainRock,260,905,26.0,31.0,36.0,42.0,42.0,43.0,46.0,50.0,53.0,72.0,70.0,49.0
6,MountainRock,260,910,27.0,29.0,32.0,36.0,38.0,39.0,40.0,43.0,49.0,68.0,70.0,43.0
6,MountainRock,260,915,20.0,23.0,26.0,30.0,33.0,34.0,35.0,36.0,47.0,62.0,63.0,38.0
6,MountainRock,260,920,27.0,30.0,35.0,39.0,41.0,41.0,42.0,47.0,55.0,73.0,73.0,46.0
6,MountainRock,265,905,26.0,32.0,37.0,43.0,45.0,46.0,48.0,51.0,58.0,80.0,77.0,53.0
6,MountainRock,265,910,25.0,24.0,26.0,31.0,34.0,35.0,36.0,38.0,46.0,57.0,58.0,39.0
6,MountainRock,265,915,20.0,21.0,24.0,29.0,32.0,34.0,36.0,39.0,48.0,64.0,64.0,41.0
6,MountainRock,265,920,25.0,27.0,30.0,34.0,36.0,36.0,38.0,40.0,49.0,60.0,62.0,41.0
6,MountainRock,270,905,19.0,23.0,26.0,31.0,34.0,37.0,39.0,44.0,54.0,73.0,68.0,45.0
6,MountainRock,270,910,20.0,24.0,26.0,31.0,34.0,35.0,36.0,39.0,48.0,62.0,62.0,40.0
6,MountainRock,270,915,20.0,23.0,26.0,31.0,34.0,36.0,38.0,39.0,49.0,67.0,69.0,42.0
6,MountainRock,270,920,25.0,25.0,27.0,31.0,35.0,35.0,37.0,40.0,52.0,63.0,64.0,41.0
6,MountainRock,275,905,12.0,16.0,19.0,25.0,28.0,34.0,39.0,41.0,46.0,65.0,55.0,45.0
6,MountainRock,275,910,11.0,15.0,18.0,23.0,29.0,39.0,42.0,48.0,57.0,59.0,51.0,49.0
6,MountainRock,275,915,14.0,16.0,19.0,24.0,28.0,34.0,37.0,41.0,52.0,64.0,59.0,43.0
6,MountainRock,275,920,18.0,19.0,22.0,27.0,31.0,39.0,42.0,46.0,56.0,67.0,64.0,46.0
6,MountainRock,236,852,15.0,18.0,22.0,26.0,31.0,41.0,46.0,52.0,54.0,60.0,53.0,52.0
6,MountainRock,236,857,7.0,9.0,13.0,16.0,19.0,37.0,43.0,44.0,45.0,41.0,37.0,49.0
6,MountainRock,236,862,22.0,27.0,31.0,36.0,45.0,49.0,53.0,58.0,64.0,97.0,89.0,62.0
6,MountainRock,236,867,26.0,33.0,36.0,41.0,44.0,46.0,49.0,55.0,60.0,84.0,84.0,54.0
6,MountainRock,241,852,26.0,28.0,34.0,40.0,42.0,44.0,47.0,52.0,53.0,75.0,76.0,53.0
6,MountainRock,241,857,7.0,4.0,7.0,8.0,19.0,33.0,41.0,42.0,45.0,41.0,32.0,46.0
6,MountainRock,241,862,20.0,20.0,15.0,11.0,14.0,16.0,20.0,22.0,48.0,28.0,26.0,18.0
6,MountainRock,241,867,32.0,31.0,27.0,25.0,38.0,36.0,39.0,32.0,49.0,56.0,53.0,43.0
6,MountainRock,246,852,29.0,32.0,36.0,42.0,48.0,51.0,53.0,58.0,69.0,90.0,85.0,59.0
6,MountainRock,246,857,21.0,27.0,31.0,36.0,40.0,45.0,49.0,56.0,56.0,85.0,72.0,58.0
6,MountainRock,246,862,33.0,44.0,50.0,58.0,56.0,57.0,59.0,72.0,66.0,98.0,92.0,64.0
6,MountainRock,246,867,27.0,28.0,32.0,38.0,39.0,42.0,44.0,49.0,51.0,82.0,78.0,50.0
6,MountainRock,251,852,16.0,17.0,21.0,28.0,27.0,42.0,49.0,54.0,62.0,47.0,42.0,56.0
6,MountainRock,251,857,15.0,20.0,22.0,27.0,34.0,38.0,40.0,45.0,62.0,67.0,61.0,47.0
6,MountainRock,251,862,23.0,27.0,31.0,36.0,40.0,44.0,48.0,51.0,58.0,90.0,80.0,54.0
6,MountainRock,251,867,23.0,28.0,33.0,38.0,42.0,44.0,47.0,51.0,53.0,85.0,80.0,53.0
6,MountainRock,200,805,37.0,45.0,40.0,48.0,50.0,52.0,56.0,66.0,77.0,99.0,94.0,63.0
6,MountainRock,200,810,29.0,36.0,38.0,45.0,52.0,56.0,60.0,62.0,78.0,96.0,90.0,65.0
6,MountainRock,200,815,33.0,38.0,44.0,50.0,53.0,56.0,59.0,64.0,73.0,97.0,101.0,63.0
6,MountainRock,200,820,29.0,36.0,41.0,46.0,48.0,49.0,51.0,53.0,67.0,87.0,89.0,57.0
6,MountainRock,205,805,42.0,50.0,57.0,64.0,68.0,70.0,74.0,78.0,95.0,124.0,121.0,81.0
6,MountainRock,205,810,25.0,30.0,34.0,40.0,44.0,47.0,50.0,56.0,70.0,92.0,89.0,58.0
6,MountainRock,205,815,35.0,39.0,46.0,53.0,57.0,60.0,63.0,68.0,80.0,109.0,99.0,70.0
6,MountainRock,205,820,28.0,32.0,37.0,43.0,47.0,49.0,52.0,57.0,72.0,82.0,73.0,58.0
6,MountainRock,210,805,33.0,35.0,40.0,47.0,50.0,53.0,56.0,69.0,80.0,100.0,96.0,65.0
6,MountainRock,210,810,25.0,25.0,29.0,35.0,41.0,43.0,46.0,51.0,67.0,82.0,85.0,51.0
6,MountainRock,210,815,31.0,36.0,42.0,48.0,53.0,56.0,60.0,66.0,79.0,103.0,98.0,67.0
6,MountainRock,210,820,35.0,38.0,43.0,50.0,56.0,59.0,62.0,66.0,81.0,105.0,97.0,69.0
6,MountainRock,215,805,20.0,25.0,28.0,33.0,36.0,39.0,43.0,44.0,42.0,73.0,64.0,48.0
6,MountainRock,215,810,18.0,23.0,25.0,30.0,33.0,36.0,39.0,44.0,50.0,69.0,63.0,45.0
6,MountainRock,215,815,21.0,23.0,27.0,32.0,33.0,36.0,42.0,47.0,47.0,70.0,64.0,50.0
6,MountainRock,215,820,27.0,34.0,38.0,44.0,45.0,49.0,50.0,58.0,64.0,90.0,89.0,56.0
6,MountainRock,252,718,30.0,33.0,26.0,20.0,21.0,22.0,23.0,21.0,51.0,22.0,24.0,21.0
6,MountainRock,252,723,31.0,22.0,25.0,30.0,33.0,34.0,36.0,37.0,62.0,61.0,61.0,39.0
6,MountainRock,252,728,38.0,47.0,51.0,58.0,58.0,60.0,62.0,70.0,80.0,112.0,111.0,68.0
6,MountainRock,252,733,26.0,30.0,34.0,40.0,42.0,43.0,46.0,52.0,65.0,92.0,98.0,52.0
6,MountainRock,257,718,20.0,22.0,24.0,28.0,30.0,30.0,31.0,34.0,45.0,60.0,65.0,35.0
6,MountainRock,257,723,26.0,26.0,29.0,34.0,37.0,39.0,40.0,43.0,62.0,80.0,79.0,46.0
6,MountainRock,257,728,26.0,37.0,42.0,47.0,49.0,50.0,52.0,58.0,59.0,92.0,91.0,58.0
6,MountainRock,257,733,33.0,39.0,39.0,44.0,32.0,34.0,37.0,57.0,67.0,75.0,73.0,41.0
6,MountainRock,262,718,20.0,25.0,28.0,32.0,34.0,35.0,37.0,40.0,49.0,61.0,63.0,43.0
6,MountainRock,262,723,25.0,29.0,33.0,38.0,40.0,41.0,42.0,47.0,59.0,83.0,84.0,48.0
6,MountainRock,262,728,27.0,29.0,33.0,38.0,42.0,44.0,45.0,49.0,65.0,88.0,85.0,51.0
6,MountainRock,262,733,24.0,22.0,25.0,29.0,32.0,35.0,38.0,42.0,57.0,69.0,65.0,44.0
6,MountainRock,267,718,18.0,20.0,23.0,26.0,28.0,31.0,35.0,40.0,46.0,51.0,52.0,40.0
6,MountainRock,267,723,22.0,23.0,26.0,30.0,34.0,35.0,37.0,41.0,52.0,67.0,71.0,41.0
6,MountainRock,267,728,25.0,27.0,31.0,35.0,40.0,42.0,44.0,47.0,64.0,83.0,80.0,52.0
6,MountainRock,267,733,28.0,34.0,40.0,45.0,50.0,51.0,54.0,56.0,69.0,99.0,90.0,59.0
6,MountainRock,230,666,22.0,29.0,34.0,42.0,47.0,52.0,56.0,62.0,60.0,107.0,100.0,63.0
6,MountainRock,230,671,10.0,2.0,4.0,3.0,10.0,37.0,46.0,52.0,54.0,20.0,12.0,50.0
6,MountainRock,230,676,26.0,31.0,37.0,42.0,50.0,52.0,54.0,49.0,61.0,72.0,72.0,57.0
6,MountainRock,230,681,25.0,29.0,35.0,42.0,44.0,46.0,49.0,55.0,54.0,88.0,89.0,54.0
6,MountainRock,235,666,33.0,45.0,50.0,58.0,57.0,60.0,62.0,73.0,66.0,114.0,108.0,70.0
6,MountainRock,235,671,28.0,32.0,36.0,44.0,50.0,55.0,59.0,64.0,71.0,108.0,98.0,69.0
6,MountainRock,235,676,29.0,24.0,27.0,31.0,33.0,34.0,36.0,42.0,63.0,67.0,69.0,41.0
6,MountainRock,235,681,32.0,36.0,37.0,40.0,48.0,49.0,51.0,51.0,64.0,82.0,78.0,54.0
6,MountainRock,240,666,26.0,33.0,38.0,43.0,45.0,46.0,49.0,54.0,61.0,87.0,84.0,55.0
6,MountainRock,240,671,26.0,25.0,26.0,28.0,32.0,36.0,38.0,35.0,49.0,63.0,57.0,44.0
6,MountainRock,240,676,38.0,38.0,36.0,39.0,47.0,53.0,54.0,49.0,70.0,103.0,98.0,60.0
6,MountainRock,240,681,29.0,30.0,24.0,22.0,20.0,20.0,22.0,24.0,39.0,28.0,25.0,23.0
6,MountainRock,245,666,23.0,27.0,32.0,38.0,41.0,44.0,46.0,50.0,56.0,86.0,83.0,53.0
6,MountainRock,245,671,23.0,22.0,27.0,32.0,35.0,37.0,39.0,42.0,58.0,76.0,77.0,45.0
6,MountainRock,245,676,29.0,42.0,47.0,53.0,58.0,59.0,62.0,67.0,68.0,112.0,104.0,68.0
6,MountainRock,245,681,27.0,37.0,42.0,49.0,52.0,54.0,57.0,58.0,65.0,97.0,91.0,60.0
6,MountainRock,477,679,33.0,40.0,45.0,50.0,51.0,53.0,57.0,61.0,71.0,90.0,87.0,63.0
6,MountainRock,477,684,6.0,7.0,7.0,6.0,13.0,25.0,28.0,33.0,49.0,31.0,22.0,31.0
6,MountainRock,477,689,12.0,13.0,14.0,12.0,12.0,29.0,35.0,35.0,42.0,20.0,15.0,39.0
6,MountainRock,477,694,12.0,5.0,6.0,6.0,11.0,25.0,32.0,31.0,68.0,24.0,16.0,37.0
6,MountainRock,482,679,37.0,47.0,50.0,56.0,64.0,65.0,67.0,67.0,72.0,107.0,101.0,72.0
6,MountainRock,482,684,23.0,27.0,21.0,15.0,16.0,18.0,21.0,19.0,18.0,24.0,18.0,21.0
6,MountainRock,482,689,19.0,22.0,16.0,13.0,14.0,16.0,18.0,17.0,16.0,21.0,16.0,18.0
6,MountainRock,482,694,19.0,21.0,16.0,14.0,14.0,16.0,18.0,18.0,19.0,22.0,17.0,18.0
6,MountainRock,487,679,34.0,27.0,28.0,32.0,43.0,46.0,47.0,42.0,75.0,85.0,78.0,55.0
6,MountainRock,487,684,51.0,80.0,90.0,100.0,94.0,99.0,103.0,120.0,99.0,140.0,136.0,108.0
6,MountainRock,487,689,25.0,27.0,22.0,16.0,17.0,19.0,20.0,19.0,25.0,24.0,18.0,20.0
6,MountainRock,487,694,22.0,24.0,29.0,33.0,36.0,38.0,38.0,42.0,61.0,57.0,51.0,40.0
6,MountainRock,492,679,40.0,45.0,50.0,54.0,57.0,60.0,62.0,69.0,78.0,104.0,100.0,69.0
6,MountainRock,492,684,33.0,38.0,42.0,48.0,52.0,54.0,58.0,62.0,73.0,100.0,95.0,64.0
6,MountainRock,492,689,39.0,43.0,47.0,52.0,54.0,55.0,57.0,62.0,76.0,101.0,98.0,63.0
6,MountainRock,492,694,33.0,38.0,45.0,51.0,54.0,56.0,59.0,63.0,75.0,96.0,93.0,64.0
